d_Fecha;c_Tipo;c_CodArt;c_Descri;n_Cantidad;n_Costo;c_Deposito
01/12/2025;S;P-001;PRODUCTO RENTABLE;4;95,00;PRINCIPAL
01/12/2025;E;P-001;PRODUCTO RENTABLE;50;95,00;PRINCIPAL
01/12/2025;S;P-002;PRODUCTO SOBREABASTECIDO;2;170,00;PRINCIPAL
01/12/2025;S;P-003;PRODUCTO CON MARGEN BAJO;8;100,00;PRINCIPAL
01/12/2025;S;P-004;PRODUCTO POR AGOTARSE;5;105,00;PRINCIPAL
01/12/2025;S;P-006;PRODUCTO ESTACIONAL DETENIDO;3;140,00;PRINCIPAL
02/12/2025;S;P-001;PRODUCTO RENTABLE;5;95,00;PRINCIPAL
02/12/2025;S;P-003;PRODUCTO CON MARGEN BAJO;8;100,00;PRINCIPAL
02/12/2025;S;P-004;PRODUCTO POR AGOTARSE;6;105,00;PRINCIPAL
02/12/2025;S;P-006;PRODUCTO ESTACIONAL DETENIDO;4;140,00;PRINCIPAL
03/12/2025;S;P-001;PRODUCTO RENTABLE;5;95,00;PRINCIPAL
03/12/2025;S;P-003;PRODUCTO CON MARGEN BAJO;7;100,00;PRINCIPAL
03/12/2025;S;P-004;PRODUCTO POR AGOTARSE;7;105,00;PRINCIPAL
03/12/2025;S;P-006;PRODUCTO ESTACIONAL DETENIDO;4;140,00;PRINCIPAL
04/12/2025;S;P-001;PRODUCTO RENTABLE;6;95,00;PRINCIPAL
04/12/2025;S;P-003;PRODUCTO CON MARGEN BAJO;7;100,00;PRINCIPAL
04/12/2025;S;P-004;PRODUCTO POR AGOTARSE;8;105,00;PRINCIPAL
04/12/2025;S;P-006;PRODUCTO ESTACIONAL DETENIDO;5;140,00;PRINCIPAL
05/12/2025;S;P-001;PRODUCTO RENTABLE;15;95,00;PRINCIPAL
05/12/2025;S;P-003;PRODUCTO CON MARGEN BAJO;9;100,00;PRINCIPAL
05/12/2025;S;P-004;PRODUCTO POR AGOTARSE;10;105,00;PRINCIPAL
05/12/2025;S;P-006;PRODUCTO ESTACIONAL DETENIDO;6;140,00;PRINCIPAL
06/12/2025;S;P-001;PRODUCTO RENTABLE;3;95,00;PRINCIPAL
06/12/2025;S;P-003;PRODUCTO CON MARGEN BAJO;5;100,00;PRINCIPAL
06/12/2025;S;P-004;PRODUCTO POR AGOTARSE;8;105,00;PRINCIPAL
06/12/2025;S;P-006;PRODUCTO ESTACIONAL DETENIDO;2;140,00;PRINCIPAL
07/12/2025;S;P-001;PRODUCTO RENTABLE;2;95,00;PRINCIPAL
07/12/2025;S;P-003;PRODUCTO CON MARGEN BAJO;4;100,00;PRINCIPAL
07/12/2025;S;P-004;PRODUCTO POR AGOTARSE;6;105,00;PRINCIPAL
07/12/2025;S;P-006;PRODUCTO ESTACIONAL DETENIDO;1;140,00;PRINCIPAL
08/12/2025;S;P-001;PRODUCTO RENTABLE;4;95,00;PRINCIPAL
08/12/2025;S;P-003;PRODUCTO CON MARGEN BAJO;8;100,00;PRINCIPAL
08/12/2025;S;P-004;PRODUCTO POR AGOTARSE;5;105,00;PRINCIPAL
08/12/2025;S;P-006;PRODUCTO ESTACIONAL DETENIDO;3;140,00;PRINCIPAL
09/12/2025;S;P-001;PRODUCTO RENTABLE;5;95,00;PRINCIPAL
09/12/2025;S;P-003;PRODUCTO CON MARGEN BAJO;8;100,00;PRINCIPAL
09/12/2025;S;P-004;PRODUCTO POR AGOTARSE;6;105,00;PRINCIPAL
09/12/2025;S;P-006;PRODUCTO ESTACIONAL DETENIDO;4;140,00;PRINCIPAL
10/12/2025;S;P-001;PRODUCTO RENTABLE;5;95,00;PRINCIPAL
10/12/2025;S;P-003;PRODUCTO CON MARGEN BAJO;9;100,00;PRINCIPAL
10/12/2025;S;P-004;PRODUCTO POR AGOTARSE;7;105,00;PRINCIPAL
10/12/2025;S;P-006;PRODUCTO ESTACIONAL DETENIDO;4;140,00;PRINCIPAL
11/12/2025;S;P-001;PRODUCTO RENTABLE;6;95,00;PRINCIPAL
11/12/2025;S;P-003;PRODUCTO CON MARGEN BAJO;7;100,00;PRINCIPAL
11/12/2025;S;P-004;PRODUCTO POR AGOTARSE;8;105,00;PRINCIPAL
11/12/2025;S;P-006;PRODUCTO ESTACIONAL DETENIDO;5;140,00;PRINCIPAL
12/12/2025;S;P-001;PRODUCTO RENTABLE;8;95,00;PRINCIPAL
12/12/2025;E;P-001;PRODUCTO RENTABLE;50;95,00;PRINCIPAL
12/12/2025;S;P-003;PRODUCTO CON MARGEN BAJO;9;100,00;PRINCIPAL
12/12/2025;S;P-004;PRODUCTO POR AGOTARSE;20;105,00;PRINCIPAL
12/12/2025;S;P-006;PRODUCTO ESTACIONAL DETENIDO;6;140,00;PRINCIPAL
13/12/2025;S;P-001;PRODUCTO RENTABLE;3;95,00;PRINCIPAL
13/12/2025;S;P-003;PRODUCTO CON MARGEN BAJO;5;100,00;PRINCIPAL
13/12/2025;S;P-004;PRODUCTO POR AGOTARSE;18;105,00;PRINCIPAL
13/12/2025;S;P-006;PRODUCTO ESTACIONAL DETENIDO;2;140,00;PRINCIPAL
14/12/2025;S;P-001;PRODUCTO RENTABLE;2;95,00;PRINCIPAL
14/12/2025;S;P-002;PRODUCTO SOBREABASTECIDO;1;170,00;PRINCIPAL
14/12/2025;S;P-003;PRODUCTO CON MARGEN BAJO;4;100,00;PRINCIPAL
14/12/2025;S;P-004;PRODUCTO POR AGOTARSE;16;105,00;PRINCIPAL
14/12/2025;S;P-006;PRODUCTO ESTACIONAL DETENIDO;1;140,00;PRINCIPAL
15/12/2025;S;P-001;PRODUCTO RENTABLE;4;95,00;PRINCIPAL
15/12/2025;S;P-002;PRODUCTO SOBREABASTECIDO;2;170,00;PRINCIPAL
15/12/2025;S;P-003;PRODUCTO CON MARGEN BAJO;8;100,00;PRINCIPAL
15/12/2025;S;P-004;PRODUCTO POR AGOTARSE;5;105,00;PRINCIPAL
15/12/2025;S;P-006;PRODUCTO ESTACIONAL DETENIDO;3;140,00;PRINCIPAL
16/12/2025;S;P-001;PRODUCTO RENTABLE;5;95,00;PRINCIPAL
16/12/2025;S;P-003;PRODUCTO CON MARGEN BAJO;8;100,00;PRINCIPAL
16/12/2025;S;P-004;PRODUCTO POR AGOTARSE;6;105,00;PRINCIPAL
16/12/2025;S;P-006;PRODUCTO ESTACIONAL DETENIDO;4;140,00;PRINCIPAL
17/12/2025;S;P-001;PRODUCTO RENTABLE;5;95,00;PRINCIPAL
17/12/2025;S;P-003;PRODUCTO CON MARGEN BAJO;7;100,00;PRINCIPAL
17/12/2025;S;P-004;PRODUCTO POR AGOTARSE;7;105,00;PRINCIPAL
17/12/2025;S;P-006;PRODUCTO ESTACIONAL DETENIDO;4;140,00;PRINCIPAL
18/12/2025;S;P-001;PRODUCTO RENTABLE;6;95,00;PRINCIPAL
18/12/2025;S;P-003;PRODUCTO CON MARGEN BAJO;7;100,00;PRINCIPAL
18/12/2025;S;P-004;PRODUCTO POR AGOTARSE;8;105,00;PRINCIPAL
18/12/2025;S;P-006;PRODUCTO ESTACIONAL DETENIDO;5;140,00;PRINCIPAL
19/12/2025;S;P-001;PRODUCTO RENTABLE;8;95,00;PRINCIPAL
19/12/2025;S;P-003;PRODUCTO CON MARGEN BAJO;9;100,00;PRINCIPAL
19/12/2025;S;P-004;PRODUCTO POR AGOTARSE;10;105,00;PRINCIPAL
19/12/2025;S;P-006;PRODUCTO ESTACIONAL DETENIDO;6;140,00;PRINCIPAL
20/12/2025;S;P-001;PRODUCTO RENTABLE;10;95,00;PRINCIPAL
20/12/2025;S;P-003;PRODUCTO CON MARGEN BAJO;5;100,00;PRINCIPAL
20/12/2025;S;P-004;PRODUCTO POR AGOTARSE;8;105,00;PRINCIPAL
20/12/2025;S;P-006;PRODUCTO ESTACIONAL DETENIDO;2;140,00;PRINCIPAL
21/12/2025;S;P-001;PRODUCTO RENTABLE;2;95,00;PRINCIPAL
21/12/2025;S;P-003;PRODUCTO CON MARGEN BAJO;4;100,00;PRINCIPAL
21/12/2025;S;P-004;PRODUCTO POR AGOTARSE;6;105,00;PRINCIPAL
21/12/2025;S;P-006;PRODUCTO ESTACIONAL DETENIDO;1;140,00;PRINCIPAL
22/12/2025;S;P-001;PRODUCTO RENTABLE;4;95,00;PRINCIPAL
22/12/2025;S;P-003;PRODUCTO CON MARGEN BAJO;8;100,00;PRINCIPAL
22/12/2025;S;P-004;PRODUCTO POR AGOTARSE;5;105,00;PRINCIPAL
22/12/2025;S;P-006;PRODUCTO ESTACIONAL DETENIDO;3;140,00;PRINCIPAL
22/12/2025;E;P-006;PRODUCTO ESTACIONAL DETENIDO;50;140,00;PRINCIPAL
23/12/2025;S;P-001;PRODUCTO RENTABLE;5;95,00;PRINCIPAL
23/12/2025;S;P-003;PRODUCTO CON MARGEN BAJO;8;100,00;PRINCIPAL
23/12/2025;S;P-004;PRODUCTO POR AGOTARSE;6;105,00;PRINCIPAL
23/12/2025;S;P-006;PRODUCTO ESTACIONAL DETENIDO;4;140,00;PRINCIPAL
24/12/2025;S;P-001;PRODUCTO RENTABLE;5;95,00;PRINCIPAL
24/12/2025;S;P-003;PRODUCTO CON MARGEN BAJO;7;100,00;PRINCIPAL
24/12/2025;S;P-004;PRODUCTO POR AGOTARSE;7;105,00;PRINCIPAL
24/12/2025;S;P-006;PRODUCTO ESTACIONAL DETENIDO;4;140,00;PRINCIPAL
25/12/2025;S;P-001;PRODUCTO RENTABLE;6;95,00;PRINCIPAL
25/12/2025;S;P-003;PRODUCTO CON MARGEN BAJO;9;100,00;PRINCIPAL
25/12/2025;S;P-004;PRODUCTO POR AGOTARSE;8;105,00;PRINCIPAL
25/12/2025;S;P-006;PRODUCTO ESTACIONAL DETENIDO;5;140,00;PRINCIPAL
26/12/2025;S;P-001;PRODUCTO RENTABLE;8;95,00;PRINCIPAL
26/12/2025;S;P-003;PRODUCTO CON MARGEN BAJO;9;100,00;PRINCIPAL
26/12/2025;S;P-004;PRODUCTO POR AGOTARSE;10;105,00;PRINCIPAL
26/12/2025;S;P-006;PRODUCTO ESTACIONAL DETENIDO;6;140,00;PRINCIPAL
27/12/2025;S;P-001;PRODUCTO RENTABLE;3;95,00;PRINCIPAL
27/12/2025;S;P-002;PRODUCTO SOBREABASTECIDO;1;170,00;PRINCIPAL
27/12/2025;S;P-003;PRODUCTO CON MARGEN BAJO;5;100,00;PRINCIPAL
27/12/2025;S;P-004;PRODUCTO POR AGOTARSE;8;105,00;PRINCIPAL
27/12/2025;S;P-006;PRODUCTO ESTACIONAL DETENIDO;2;140,00;PRINCIPAL
28/12/2025;S;P-001;PRODUCTO RENTABLE;2;95,00;PRINCIPAL
28/12/2025;S;P-003;PRODUCTO CON MARGEN BAJO;4;100,00;PRINCIPAL
28/12/2025;S;P-004;PRODUCTO POR AGOTARSE;6;105,00;PRINCIPAL
28/12/2025;S;P-006;PRODUCTO ESTACIONAL DETENIDO;1;140,00;PRINCIPAL
29/12/2025;S;P-001;PRODUCTO RENTABLE;4;95,00;PRINCIPAL
29/12/2025;S;P-003;PRODUCTO CON MARGEN BAJO;8;100,00;PRINCIPAL
29/12/2025;S;P-004;PRODUCTO POR AGOTARSE;5;105,00;PRINCIPAL
29/12/2025;S;P-006;PRODUCTO ESTACIONAL DETENIDO;3;140,00;PRINCIPAL
30/12/2025;S;P-001;PRODUCTO RENTABLE;5;95,00;PRINCIPAL
30/12/2025;S;P-003;PRODUCTO CON MARGEN BAJO;8;100,00;PRINCIPAL
30/12/2025;S;P-004;PRODUCTO POR AGOTARSE;6;105,00;PRINCIPAL
30/12/2025;S;P-006;PRODUCTO ESTACIONAL DETENIDO;4;140,00;PRINCIPAL
31/12/2025;S;P-001;PRODUCTO RENTABLE;5;95,00;PRINCIPAL
31/12/2025;S;P-003;PRODUCTO CON MARGEN BAJO;7;100,00;PRINCIPAL
31/12/2025;S;P-004;PRODUCTO POR AGOTARSE;7;105,00;PRINCIPAL
31/12/2025;S;P-006;PRODUCTO ESTACIONAL DETENIDO;4;140,00;PRINCIPAL
01/01/2026;S;P-001;PRODUCTO RENTABLE;6;95,00;PRINCIPAL
01/01/2026;S;P-002;PRODUCTO SOBREABASTECIDO;2;170,00;PRINCIPAL
01/01/2026;S;P-003;PRODUCTO CON MARGEN BAJO;7;100,00;PRINCIPAL
01/01/2026;S;P-004;PRODUCTO POR AGOTARSE;8;105,00;PRINCIPAL
01/01/2026;S;P-006;PRODUCTO ESTACIONAL DETENIDO;5;140,00;PRINCIPAL
02/01/2026;S;P-001;PRODUCTO RENTABLE;8;95,00;PRINCIPAL
02/01/2026;S;P-003;PRODUCTO CON MARGEN BAJO;9;100,00;PRINCIPAL
02/01/2026;S;P-004;PRODUCTO POR AGOTARSE;10;105,00;PRINCIPAL
02/01/2026;E;P-004;PRODUCTO POR AGOTARSE;50;105,00;PRINCIPAL
02/01/2026;S;P-006;PRODUCTO ESTACIONAL DETENIDO;6;140,00;PRINCIPAL
03/01/2026;S;P-001;PRODUCTO RENTABLE;3;95,00;PRINCIPAL
03/01/2026;S;P-003;PRODUCTO CON MARGEN BAJO;5;100,00;PRINCIPAL
03/01/2026;S;P-004;PRODUCTO POR AGOTARSE;8;105,00;PRINCIPAL
03/01/2026;S;P-006;PRODUCTO ESTACIONAL DETENIDO;2;140,00;PRINCIPAL
04/01/2026;S;P-001;PRODUCTO RENTABLE;2;95,00;PRINCIPAL
04/01/2026;S;P-003;PRODUCTO CON MARGEN BAJO;4;100,00;PRINCIPAL
04/01/2026;S;P-004;PRODUCTO POR AGOTARSE;6;105,00;PRINCIPAL
04/01/2026;S;P-006;PRODUCTO ESTACIONAL DETENIDO;1;140,00;PRINCIPAL
05/01/2026;S;P-001;PRODUCTO RENTABLE;11;95,00;PRINCIPAL
05/01/2026;S;P-003;PRODUCTO CON MARGEN BAJO;8;100,00;PRINCIPAL
05/01/2026;S;P-004;PRODUCTO POR AGOTARSE;6;105,00;PRINCIPAL
05/01/2026;S;P-006;PRODUCTO ESTACIONAL DETENIDO;3;140,00;PRINCIPAL
06/01/2026;S;P-001;PRODUCTO RENTABLE;5;95,00;PRINCIPAL
06/01/2026;S;P-003;PRODUCTO CON MARGEN BAJO;8;100,00;PRINCIPAL
06/01/2026;S;P-004;PRODUCTO POR AGOTARSE;7;105,00;PRINCIPAL
06/01/2026;S;P-006;PRODUCTO ESTACIONAL DETENIDO;4;140,00;PRINCIPAL
07/01/2026;S;P-001;PRODUCTO RENTABLE;5;95,00;PRINCIPAL
07/01/2026;S;P-003;PRODUCTO CON MARGEN BAJO;7;100,00;PRINCIPAL
07/01/2026;S;P-004;PRODUCTO POR AGOTARSE;8;105,00;PRINCIPAL
07/01/2026;S;P-006;PRODUCTO ESTACIONAL DETENIDO;4;140,00;PRINCIPAL
08/01/2026;S;P-001;PRODUCTO RENTABLE;6;95,00;PRINCIPAL
08/01/2026;S;P-003;PRODUCTO CON MARGEN BAJO;7;100,00;PRINCIPAL
08/01/2026;S;P-004;PRODUCTO POR AGOTARSE;9;105,00;PRINCIPAL
08/01/2026;S;P-006;PRODUCTO ESTACIONAL DETENIDO;5;140,00;PRINCIPAL
09/01/2026;S;P-001;PRODUCTO RENTABLE;8;95,00;PRINCIPAL
09/01/2026;S;P-002;PRODUCTO SOBREABASTECIDO;1;170,00;PRINCIPAL
09/01/2026;S;P-003;PRODUCTO CON MARGEN BAJO;9;100,00;PRINCIPAL
09/01/2026;S;P-004;PRODUCTO POR AGOTARSE;11;105,00;PRINCIPAL
09/01/2026;S;P-006;PRODUCTO ESTACIONAL DETENIDO;6;140,00;PRINCIPAL
10/01/2026;S;P-001;PRODUCTO RENTABLE;3;95,00;PRINCIPAL
10/01/2026;S;P-003;PRODUCTO CON MARGEN BAJO;7;100,00;PRINCIPAL
10/01/2026;S;P-004;PRODUCTO POR AGOTARSE;9;105,00;PRINCIPAL
10/01/2026;S;P-006;PRODUCTO ESTACIONAL DETENIDO;2;140,00;PRINCIPAL
11/01/2026;S;P-001;PRODUCTO RENTABLE;2;95,00;PRINCIPAL
11/01/2026;S;P-003;PRODUCTO CON MARGEN BAJO;4;100,00;PRINCIPAL
11/01/2026;S;P-004;PRODUCTO POR AGOTARSE;7;105,00;PRINCIPAL
11/01/2026;S;P-006;PRODUCTO ESTACIONAL DETENIDO;1;140,00;PRINCIPAL
12/01/2026;S;P-001;PRODUCTO RENTABLE;4;95,00;PRINCIPAL
12/01/2026;S;P-003;PRODUCTO CON MARGEN BAJO;8;100,00;PRINCIPAL
12/01/2026;S;P-004;PRODUCTO POR AGOTARSE;16;105,00;PRINCIPAL
12/01/2026;S;P-006;PRODUCTO ESTACIONAL DETENIDO;3;140,00;PRINCIPAL
13/01/2026;S;P-001;PRODUCTO RENTABLE;5;95,00;PRINCIPAL
13/01/2026;S;P-003;PRODUCTO CON MARGEN BAJO;8;100,00;PRINCIPAL
13/01/2026;S;P-004;PRODUCTO POR AGOTARSE;17;105,00;PRINCIPAL
13/01/2026;E;P-004;PRODUCTO POR AGOTARSE;50;105,00;PRINCIPAL
13/01/2026;S;P-006;PRODUCTO ESTACIONAL DETENIDO;4;140,00;PRINCIPAL
14/01/2026;S;P-001;PRODUCTO RENTABLE;5;95,00;PRINCIPAL
14/01/2026;S;P-003;PRODUCTO CON MARGEN BAJO;7;100,00;PRINCIPAL
14/01/2026;S;P-004;PRODUCTO POR AGOTARSE;18;105,00;PRINCIPAL
14/01/2026;S;P-006;PRODUCTO ESTACIONAL DETENIDO;4;140,00;PRINCIPAL
15/01/2026;S;P-001;PRODUCTO RENTABLE;6;95,00;PRINCIPAL
15/01/2026;S;P-002;PRODUCTO SOBREABASTECIDO;2;170,00;PRINCIPAL
15/01/2026;S;P-003;PRODUCTO CON MARGEN BAJO;7;100,00;PRINCIPAL
15/01/2026;S;P-004;PRODUCTO POR AGOTARSE;9;105,00;PRINCIPAL
15/01/2026;S;P-006;PRODUCTO ESTACIONAL DETENIDO;5;140,00;PRINCIPAL
16/01/2026;S;P-001;PRODUCTO RENTABLE;8;95,00;PRINCIPAL
16/01/2026;S;P-003;PRODUCTO CON MARGEN BAJO;9;100,00;PRINCIPAL
16/01/2026;S;P-004;PRODUCTO POR AGOTARSE;11;105,00;PRINCIPAL
16/01/2026;S;P-006;PRODUCTO ESTACIONAL DETENIDO;6;140,00;PRINCIPAL
17/01/2026;S;P-001;PRODUCTO RENTABLE;3;95,00;PRINCIPAL
17/01/2026;S;P-003;PRODUCTO CON MARGEN BAJO;5;100,00;PRINCIPAL
17/01/2026;S;P-004;PRODUCTO POR AGOTARSE;9;105,00;PRINCIPAL
17/01/2026;S;P-006;PRODUCTO ESTACIONAL DETENIDO;2;140,00;PRINCIPAL
18/01/2026;S;P-001;PRODUCTO RENTABLE;2;95,00;PRINCIPAL
18/01/2026;S;P-003;PRODUCTO CON MARGEN BAJO;4;100,00;PRINCIPAL
18/01/2026;S;P-004;PRODUCTO POR AGOTARSE;7;105,00;PRINCIPAL
18/01/2026;S;P-006;PRODUCTO ESTACIONAL DETENIDO;1;140,00;PRINCIPAL
19/01/2026;S;P-001;PRODUCTO RENTABLE;4;95,00;PRINCIPAL
19/01/2026;S;P-003;PRODUCTO CON MARGEN BAJO;8;100,00;PRINCIPAL
19/01/2026;S;P-004;PRODUCTO POR AGOTARSE;6;105,00;PRINCIPAL
19/01/2026;S;P-006;PRODUCTO ESTACIONAL DETENIDO;3;140,00;PRINCIPAL
20/01/2026;S;P-001;PRODUCTO RENTABLE;12;95,00;PRINCIPAL
20/01/2026;S;P-003;PRODUCTO CON MARGEN BAJO;8;100,00;PRINCIPAL
20/01/2026;S;P-004;PRODUCTO POR AGOTARSE;7;105,00;PRINCIPAL
20/01/2026;S;P-006;PRODUCTO ESTACIONAL DETENIDO;4;140,00;PRINCIPAL
21/01/2026;S;P-001;PRODUCTO RENTABLE;5;95,00;PRINCIPAL
21/01/2026;S;P-003;PRODUCTO CON MARGEN BAJO;7;100,00;PRINCIPAL
21/01/2026;S;P-004;PRODUCTO POR AGOTARSE;8;105,00;PRINCIPAL
21/01/2026;S;P-006;PRODUCTO ESTACIONAL DETENIDO;4;140,00;PRINCIPAL
22/01/2026;S;P-001;PRODUCTO RENTABLE;6;95,00;PRINCIPAL
22/01/2026;S;P-002;PRODUCTO SOBREABASTECIDO;1;170,00;PRINCIPAL
22/01/2026;S;P-003;PRODUCTO CON MARGEN BAJO;7;100,00;PRINCIPAL
22/01/2026;S;P-004;PRODUCTO POR AGOTARSE;9;105,00;PRINCIPAL
22/01/2026;S;P-006;PRODUCTO ESTACIONAL DETENIDO;5;140,00;PRINCIPAL
23/01/2026;S;P-001;PRODUCTO RENTABLE;8;95,00;PRINCIPAL
23/01/2026;S;P-003;PRODUCTO CON MARGEN BAJO;9;100,00;PRINCIPAL
23/01/2026;S;P-004;PRODUCTO POR AGOTARSE;11;105,00;PRINCIPAL
23/01/2026;S;P-006;PRODUCTO ESTACIONAL DETENIDO;6;140,00;PRINCIPAL
24/01/2026;S;P-001;PRODUCTO RENTABLE;3;95,00;PRINCIPAL
24/01/2026;S;P-003;PRODUCTO CON MARGEN BAJO;5;100,00;PRINCIPAL
24/01/2026;E;P-003;PRODUCTO CON MARGEN BAJO;50;100,00;PRINCIPAL
24/01/2026;S;P-004;PRODUCTO POR AGOTARSE;9;105,00;PRINCIPAL
24/01/2026;S;P-006;PRODUCTO ESTACIONAL DETENIDO;2;140,00;PRINCIPAL
25/01/2026;S;P-001;PRODUCTO RENTABLE;2;95,00;PRINCIPAL
25/01/2026;S;P-003;PRODUCTO CON MARGEN BAJO;6;100,00;PRINCIPAL
25/01/2026;S;P-004;PRODUCTO POR AGOTARSE;7;105,00;PRINCIPAL
25/01/2026;S;P-006;PRODUCTO ESTACIONAL DETENIDO;1;140,00;PRINCIPAL
26/01/2026;S;P-001;PRODUCTO RENTABLE;4;95,00;PRINCIPAL
26/01/2026;S;P-003;PRODUCTO CON MARGEN BAJO;8;100,00;PRINCIPAL
26/01/2026;S;P-004;PRODUCTO POR AGOTARSE;6;105,00;PRINCIPAL
26/01/2026;S;P-006;PRODUCTO ESTACIONAL DETENIDO;3;140,00;PRINCIPAL
27/01/2026;S;P-001;PRODUCTO RENTABLE;5;95,00;PRINCIPAL
27/01/2026;S;P-003;PRODUCTO CON MARGEN BAJO;8;100,00;PRINCIPAL
27/01/2026;S;P-004;PRODUCTO POR AGOTARSE;7;105,00;PRINCIPAL
27/01/2026;S;P-006;PRODUCTO ESTACIONAL DETENIDO;4;140,00;PRINCIPAL
28/01/2026;S;P-001;PRODUCTO RENTABLE;5;95,00;PRINCIPAL
28/01/2026;S;P-003;PRODUCTO CON MARGEN BAJO;7;100,00;PRINCIPAL
28/01/2026;S;P-004;PRODUCTO POR AGOTARSE;8;105,00;PRINCIPAL
28/01/2026;S;P-006;PRODUCTO ESTACIONAL DETENIDO;4;140,00;PRINCIPAL
29/01/2026;S;P-001;PRODUCTO RENTABLE;6;95,00;PRINCIPAL
29/01/2026;S;P-003;PRODUCTO CON MARGEN BAJO;7;100,00;PRINCIPAL
29/01/2026;S;P-004;PRODUCTO POR AGOTARSE;9;105,00;PRINCIPAL
29/01/2026;S;P-006;PRODUCTO ESTACIONAL DETENIDO;5;140,00;PRINCIPAL
30/01/2026;S;P-001;PRODUCTO RENTABLE;8;95,00;PRINCIPAL
30/01/2026;S;P-003;PRODUCTO CON MARGEN BAJO;9;100,00;PRINCIPAL
30/01/2026;S;P-004;PRODUCTO POR AGOTARSE;11;105,00;PRINCIPAL
30/01/2026;S;P-006;PRODUCTO ESTACIONAL DETENIDO;6;140,00;PRINCIPAL
31/01/2026;S;P-001;PRODUCTO RENTABLE;3;95,00;PRINCIPAL
31/01/2026;S;P-003;PRODUCTO CON MARGEN BAJO;5;100,00;PRINCIPAL
31/01/2026;S;P-004;PRODUCTO POR AGOTARSE;9;105,00;PRINCIPAL
31/01/2026;S;P-006;PRODUCTO ESTACIONAL DETENIDO;2;140,00;PRINCIPAL
01/02/2026;S;P-001;PRODUCTO RENTABLE;2;95,00;PRINCIPAL
01/02/2026;S;P-002;PRODUCTO SOBREABASTECIDO;2;170,00;PRINCIPAL
01/02/2026;S;P-003;PRODUCTO CON MARGEN BAJO;4;100,00;PRINCIPAL
01/02/2026;S;P-004;PRODUCTO POR AGOTARSE;7;105,00;PRINCIPAL
01/02/2026;S;P-006;PRODUCTO ESTACIONAL DETENIDO;1;140,00;PRINCIPAL
02/02/2026;S;P-001;PRODUCTO RENTABLE;4;95,00;PRINCIPAL
02/02/2026;S;P-003;PRODUCTO CON MARGEN BAJO;8;100,00;PRINCIPAL
02/02/2026;S;P-004;PRODUCTO POR AGOTARSE;6;105,00;PRINCIPAL
02/02/2026;S;P-006;PRODUCTO ESTACIONAL DETENIDO;3;140,00;PRINCIPAL
03/02/2026;S;P-001;PRODUCTO RENTABLE;5;95,00;PRINCIPAL
03/02/2026;S;P-003;PRODUCTO CON MARGEN BAJO;8;100,00;PRINCIPAL
03/02/2026;S;P-004;PRODUCTO POR AGOTARSE;7;105,00;PRINCIPAL
03/02/2026;S;P-006;PRODUCTO ESTACIONAL DETENIDO;4;140,00;PRINCIPAL
04/02/2026;S;P-001;PRODUCTO RENTABLE;5;95,00;PRINCIPAL
04/02/2026;S;P-002;PRODUCTO SOBREABASTECIDO;1;170,00;PRINCIPAL
04/02/2026;E;P-002;PRODUCTO SOBREABASTECIDO;50;170,00;PRINCIPAL
04/02/2026;S;P-003;PRODUCTO CON MARGEN BAJO;7;100,00;PRINCIPAL
04/02/2026;S;P-004;PRODUCTO POR AGOTARSE;8;105,00;PRINCIPAL
04/02/2026;S;P-006;PRODUCTO ESTACIONAL DETENIDO;4;140,00;PRINCIPAL
05/02/2026;S;P-001;PRODUCTO RENTABLE;13;95,00;PRINCIPAL
05/02/2026;S;P-003;PRODUCTO CON MARGEN BAJO;7;100,00;PRINCIPAL
05/02/2026;S;P-004;PRODUCTO POR AGOTARSE;9;105,00;PRINCIPAL
05/02/2026;S;P-006;PRODUCTO ESTACIONAL DETENIDO;5;140,00;PRINCIPAL
06/02/2026;S;P-001;PRODUCTO RENTABLE;8;95,00;PRINCIPAL
06/02/2026;S;P-003;PRODUCTO CON MARGEN BAJO;9;100,00;PRINCIPAL
06/02/2026;S;P-004;PRODUCTO POR AGOTARSE;11;105,00;PRINCIPAL
06/02/2026;S;P-006;PRODUCTO ESTACIONAL DETENIDO;6;140,00;PRINCIPAL
07/02/2026;S;P-001;PRODUCTO RENTABLE;3;95,00;PRINCIPAL
07/02/2026;S;P-003;PRODUCTO CON MARGEN BAJO;5;100,00;PRINCIPAL
07/02/2026;S;P-004;PRODUCTO POR AGOTARSE;9;105,00;PRINCIPAL
07/02/2026;S;P-006;PRODUCTO ESTACIONAL DETENIDO;2;140,00;PRINCIPAL
08/02/2026;S;P-001;PRODUCTO RENTABLE;2;95,00;PRINCIPAL
08/02/2026;S;P-003;PRODUCTO CON MARGEN BAJO;4;100,00;PRINCIPAL
08/02/2026;S;P-004;PRODUCTO POR AGOTARSE;7;105,00;PRINCIPAL
08/02/2026;S;P-006;PRODUCTO ESTACIONAL DETENIDO;1;140,00;PRINCIPAL
09/02/2026;S;P-001;PRODUCTO RENTABLE;5;95,00;PRINCIPAL
09/02/2026;S;P-003;PRODUCTO CON MARGEN BAJO;8;100,00;PRINCIPAL
09/02/2026;S;P-004;PRODUCTO POR AGOTARSE;7;105,00;PRINCIPAL
09/02/2026;S;P-006;PRODUCTO ESTACIONAL DETENIDO;3;140,00;PRINCIPAL
10/02/2026;S;P-001;PRODUCTO RENTABLE;6;95,00;PRINCIPAL
10/02/2026;S;P-003;PRODUCTO CON MARGEN BAJO;10;100,00;PRINCIPAL
10/02/2026;S;P-004;PRODUCTO POR AGOTARSE;8;105,00;PRINCIPAL
10/02/2026;S;P-006;PRODUCTO ESTACIONAL DETENIDO;4;140,00;PRINCIPAL
11/02/2026;S;P-001;PRODUCTO RENTABLE;6;95,00;PRINCIPAL
11/02/2026;S;P-003;PRODUCTO CON MARGEN BAJO;7;100,00;PRINCIPAL
11/02/2026;S;P-004;PRODUCTO POR AGOTARSE;9;105,00;PRINCIPAL
11/02/2026;S;P-006;PRODUCTO ESTACIONAL DETENIDO;4;140,00;PRINCIPAL
12/02/2026;S;P-001;PRODUCTO RENTABLE;7;95,00;PRINCIPAL
12/02/2026;S;P-003;PRODUCTO CON MARGEN BAJO;7;100,00;PRINCIPAL
12/02/2026;S;P-004;PRODUCTO POR AGOTARSE;20;105,00;PRINCIPAL
12/02/2026;S;P-006;PRODUCTO ESTACIONAL DETENIDO;5;140,00;PRINCIPAL
13/02/2026;S;P-001;PRODUCTO RENTABLE;9;95,00;PRINCIPAL
13/02/2026;S;P-003;PRODUCTO CON MARGEN BAJO;9;100,00;PRINCIPAL
13/02/2026;S;P-004;PRODUCTO POR AGOTARSE;22;105,00;PRINCIPAL
13/02/2026;S;P-006;PRODUCTO ESTACIONAL DETENIDO;6;140,00;PRINCIPAL
14/02/2026;S;P-001;PRODUCTO RENTABLE;4;95,00;PRINCIPAL
14/02/2026;S;P-003;PRODUCTO CON MARGEN BAJO;5;100,00;PRINCIPAL
14/02/2026;S;P-004;PRODUCTO POR AGOTARSE;20;105,00;PRINCIPAL
14/02/2026;S;P-006;PRODUCTO ESTACIONAL DETENIDO;2;140,00;PRINCIPAL
15/02/2026;S;P-001;PRODUCTO RENTABLE;3;95,00;PRINCIPAL
15/02/2026;S;P-002;PRODUCTO SOBREABASTECIDO;2;170,00;PRINCIPAL
15/02/2026;E;P-002;PRODUCTO SOBREABASTECIDO;50;170,00;PRINCIPAL
15/02/2026;S;P-003;PRODUCTO CON MARGEN BAJO;4;100,00;PRINCIPAL
15/02/2026;S;P-004;PRODUCTO POR AGOTARSE;8;105,00;PRINCIPAL
15/02/2026;S;P-006;PRODUCTO ESTACIONAL DETENIDO;1;140,00;PRINCIPAL
16/02/2026;S;P-001;PRODUCTO RENTABLE;5;95,00;PRINCIPAL
16/02/2026;S;P-003;PRODUCTO CON MARGEN BAJO;8;100,00;PRINCIPAL
16/02/2026;S;P-004;PRODUCTO POR AGOTARSE;7;105,00;PRINCIPAL
16/02/2026;S;P-006;PRODUCTO ESTACIONAL DETENIDO;3;140,00;PRINCIPAL
17/02/2026;S;P-001;PRODUCTO RENTABLE;6;95,00;PRINCIPAL
17/02/2026;S;P-002;PRODUCTO SOBREABASTECIDO;1;170,00;PRINCIPAL
17/02/2026;S;P-003;PRODUCTO CON MARGEN BAJO;8;100,00;PRINCIPAL
17/02/2026;S;P-004;PRODUCTO POR AGOTARSE;8;105,00;PRINCIPAL
17/02/2026;S;P-006;PRODUCTO ESTACIONAL DETENIDO;4;140,00;PRINCIPAL
18/02/2026;S;P-001;PRODUCTO RENTABLE;6;95,00;PRINCIPAL
18/02/2026;S;P-003;PRODUCTO CON MARGEN BAJO;7;100,00;PRINCIPAL
18/02/2026;S;P-004;PRODUCTO POR AGOTARSE;9;105,00;PRINCIPAL
18/02/2026;S;P-006;PRODUCTO ESTACIONAL DETENIDO;4;140,00;PRINCIPAL
19/02/2026;S;P-001;PRODUCTO RENTABLE;7;95,00;PRINCIPAL
19/02/2026;S;P-003;PRODUCTO CON MARGEN BAJO;7;100,00;PRINCIPAL
19/02/2026;S;P-004;PRODUCTO POR AGOTARSE;10;105,00;PRINCIPAL
19/02/2026;S;P-006;PRODUCTO ESTACIONAL DETENIDO;5;140,00;PRINCIPAL
20/02/2026;S;P-001;PRODUCTO RENTABLE;16;95,00;PRINCIPAL
20/02/2026;S;P-003;PRODUCTO CON MARGEN BAJO;9;100,00;PRINCIPAL
20/02/2026;S;P-004;PRODUCTO POR AGOTARSE;12;105,00;PRINCIPAL
20/02/2026;S;P-006;PRODUCTO ESTACIONAL DETENIDO;6;140,00;PRINCIPAL
21/02/2026;S;P-001;PRODUCTO RENTABLE;4;95,00;PRINCIPAL
21/02/2026;S;P-003;PRODUCTO CON MARGEN BAJO;5;100,00;PRINCIPAL
21/02/2026;S;P-004;PRODUCTO POR AGOTARSE;10;105,00;PRINCIPAL
21/02/2026;S;P-006;PRODUCTO ESTACIONAL DETENIDO;2;140,00;PRINCIPAL
22/02/2026;S;P-001;PRODUCTO RENTABLE;3;95,00;PRINCIPAL
22/02/2026;S;P-003;PRODUCTO CON MARGEN BAJO;4;100,00;PRINCIPAL
22/02/2026;S;P-004;PRODUCTO POR AGOTARSE;8;105,00;PRINCIPAL
22/02/2026;S;P-006;PRODUCTO ESTACIONAL DETENIDO;1;140,00;PRINCIPAL
23/02/2026;S;P-001;PRODUCTO RENTABLE;5;95,00;PRINCIPAL
23/02/2026;S;P-003;PRODUCTO CON MARGEN BAJO;8;100,00;PRINCIPAL
23/02/2026;S;P-004;PRODUCTO POR AGOTARSE;7;105,00;PRINCIPAL
23/02/2026;S;P-006;PRODUCTO ESTACIONAL DETENIDO;3;140,00;PRINCIPAL
24/02/2026;S;P-001;PRODUCTO RENTABLE;6;95,00;PRINCIPAL
24/02/2026;S;P-003;PRODUCTO CON MARGEN BAJO;8;100,00;PRINCIPAL
24/02/2026;S;P-004;PRODUCTO POR AGOTARSE;8;105,00;PRINCIPAL
24/02/2026;S;P-006;PRODUCTO ESTACIONAL DETENIDO;4;140,00;PRINCIPAL
25/02/2026;S;P-001;PRODUCTO RENTABLE;6;95,00;PRINCIPAL
25/02/2026;S;P-003;PRODUCTO CON MARGEN BAJO;9;100,00;PRINCIPAL
25/02/2026;S;P-004;PRODUCTO POR AGOTARSE;9;105,00;PRINCIPAL
25/02/2026;S;P-006;PRODUCTO ESTACIONAL DETENIDO;4;140,00;PRINCIPAL
26/02/2026;S;P-001;PRODUCTO RENTABLE;7;95,00;PRINCIPAL
26/02/2026;E;P-001;PRODUCTO RENTABLE;50;95,00;PRINCIPAL
26/02/2026;S;P-003;PRODUCTO CON MARGEN BAJO;7;100,00;PRINCIPAL
26/02/2026;S;P-004;PRODUCTO POR AGOTARSE;10;105,00;PRINCIPAL
26/02/2026;S;P-006;PRODUCTO ESTACIONAL DETENIDO;5;140,00;PRINCIPAL
27/02/2026;S;P-001;PRODUCTO RENTABLE;9;95,00;PRINCIPAL
27/02/2026;S;P-003;PRODUCTO CON MARGEN BAJO;9;100,00;PRINCIPAL
27/02/2026;S;P-004;PRODUCTO POR AGOTARSE;12;105,00;PRINCIPAL
27/02/2026;S;P-006;PRODUCTO ESTACIONAL DETENIDO;6;140,00;PRINCIPAL
28/02/2026;S;P-001;PRODUCTO RENTABLE;4;95,00;PRINCIPAL
28/02/2026;S;P-003;PRODUCTO CON MARGEN BAJO;5;100,00;PRINCIPAL
28/02/2026;S;P-004;PRODUCTO POR AGOTARSE;10;105,00;PRINCIPAL
28/02/2026;S;P-006;PRODUCTO ESTACIONAL DETENIDO;2;140,00;PRINCIPAL
01/03/2026;S;P-001;PRODUCTO RENTABLE;3;95,00;PRINCIPAL
01/03/2026;S;P-002;PRODUCTO SOBREABASTECIDO;2;170,00;PRINCIPAL
01/03/2026;S;P-003;PRODUCTO CON MARGEN BAJO;4;100,00;PRINCIPAL
01/03/2026;S;P-004;PRODUCTO POR AGOTARSE;8;105,00;PRINCIPAL
01/03/2026;S;P-006;PRODUCTO ESTACIONAL DETENIDO;1;140,00;PRINCIPAL
02/03/2026;S;P-001;PRODUCTO RENTABLE;5;95,00;PRINCIPAL
02/03/2026;S;P-002;PRODUCTO SOBREABASTECIDO;1;170,00;PRINCIPAL
02/03/2026;S;P-003;PRODUCTO CON MARGEN BAJO;8;100,00;PRINCIPAL
02/03/2026;S;P-004;PRODUCTO POR AGOTARSE;7;105,00;PRINCIPAL
02/03/2026;S;P-006;PRODUCTO ESTACIONAL DETENIDO;3;140,00;PRINCIPAL
03/03/2026;S;P-001;PRODUCTO RENTABLE;6;95,00;PRINCIPAL
03/03/2026;S;P-003;PRODUCTO CON MARGEN BAJO;8;100,00;PRINCIPAL
03/03/2026;S;P-004;PRODUCTO POR AGOTARSE;8;105,00;PRINCIPAL
03/03/2026;S;P-006;PRODUCTO ESTACIONAL DETENIDO;4;140,00;PRINCIPAL
04/03/2026;S;P-001;PRODUCTO RENTABLE;6;95,00;PRINCIPAL
04/03/2026;S;P-003;PRODUCTO CON MARGEN BAJO;7;100,00;PRINCIPAL
04/03/2026;S;P-004;PRODUCTO POR AGOTARSE;9;105,00;PRINCIPAL
05/03/2026;S;P-001;PRODUCTO RENTABLE;14;95,00;PRINCIPAL
05/03/2026;S;P-003;PRODUCTO CON MARGEN BAJO;7;100,00;PRINCIPAL
05/03/2026;S;P-004;PRODUCTO POR AGOTARSE;10;105,00;PRINCIPAL
06/03/2026;S;P-001;PRODUCTO RENTABLE;9;95,00;PRINCIPAL
06/03/2026;S;P-003;PRODUCTO CON MARGEN BAJO;9;100,00;PRINCIPAL
06/03/2026;S;P-004;PRODUCTO POR AGOTARSE;12;105,00;PRINCIPAL
07/03/2026;S;P-001;PRODUCTO RENTABLE;4;95,00;PRINCIPAL
07/03/2026;S;P-003;PRODUCTO CON MARGEN BAJO;5;100,00;PRINCIPAL
07/03/2026;S;P-004;PRODUCTO POR AGOTARSE;10;105,00;PRINCIPAL
08/03/2026;S;P-001;PRODUCTO RENTABLE;3;95,00;PRINCIPAL
08/03/2026;S;P-003;PRODUCTO CON MARGEN BAJO;4;100,00;PRINCIPAL
08/03/2026;S;P-004;PRODUCTO POR AGOTARSE;8;105,00;PRINCIPAL
09/03/2026;S;P-001;PRODUCTO RENTABLE;5;95,00;PRINCIPAL
09/03/2026;S;P-003;PRODUCTO CON MARGEN BAJO;8;100,00;PRINCIPAL
09/03/2026;S;P-004;PRODUCTO POR AGOTARSE;7;105,00;PRINCIPAL
10/03/2026;S;P-001;PRODUCTO RENTABLE;6;95,00;PRINCIPAL
10/03/2026;S;P-003;PRODUCTO CON MARGEN BAJO;10;100,00;PRINCIPAL
10/03/2026;E;P-003;PRODUCTO CON MARGEN BAJO;50;100,00;PRINCIPAL
10/03/2026;S;P-004;PRODUCTO POR AGOTARSE;8;105,00;PRINCIPAL
11/03/2026;S;P-001;PRODUCTO RENTABLE;6;95,00;PRINCIPAL
11/03/2026;S;P-003;PRODUCTO CON MARGEN BAJO;7;100,00;PRINCIPAL
11/03/2026;S;P-004;PRODUCTO POR AGOTARSE;9;105,00;PRINCIPAL
12/03/2026;S;P-001;PRODUCTO RENTABLE;7;95,00;PRINCIPAL
12/03/2026;S;P-003;PRODUCTO CON MARGEN BAJO;7;100,00;PRINCIPAL
12/03/2026;S;P-004;PRODUCTO POR AGOTARSE;20;105,00;PRINCIPAL
13/03/2026;S;P-001;PRODUCTO RENTABLE;9;95,00;PRINCIPAL
13/03/2026;S;P-003;PRODUCTO CON MARGEN BAJO;9;100,00;PRINCIPAL
13/03/2026;S;P-004;PRODUCTO POR AGOTARSE;22;105,00;PRINCIPAL
14/03/2026;S;P-001;PRODUCTO RENTABLE;4;95,00;PRINCIPAL
14/03/2026;S;P-003;PRODUCTO CON MARGEN BAJO;5;100,00;PRINCIPAL
14/03/2026;S;P-004;PRODUCTO POR AGOTARSE;20;105,00;PRINCIPAL
15/03/2026;S;P-001;PRODUCTO RENTABLE;3;95,00;PRINCIPAL
15/03/2026;S;P-002;PRODUCTO SOBREABASTECIDO;2;170,00;PRINCIPAL
15/03/2026;S;P-003;PRODUCTO CON MARGEN BAJO;4;100,00;PRINCIPAL
15/03/2026;S;P-004;PRODUCTO POR AGOTARSE;8;105,00;PRINCIPAL
16/03/2026;S;P-001;PRODUCTO RENTABLE;5;95,00;PRINCIPAL
16/03/2026;S;P-003;PRODUCTO CON MARGEN BAJO;8;100,00;PRINCIPAL
16/03/2026;S;P-004;PRODUCTO POR AGOTARSE;8;105,00;PRINCIPAL
17/03/2026;S;P-001;PRODUCTO RENTABLE;6;95,00;PRINCIPAL
17/03/2026;S;P-003;PRODUCTO CON MARGEN BAJO;8;100,00;PRINCIPAL
17/03/2026;S;P-004;PRODUCTO POR AGOTARSE;9;105,00;PRINCIPAL
18/03/2026;S;P-001;PRODUCTO RENTABLE;6;95,00;PRINCIPAL
18/03/2026;S;P-003;PRODUCTO CON MARGEN BAJO;7;100,00;PRINCIPAL
18/03/2026;S;P-004;PRODUCTO POR AGOTARSE;10;105,00;PRINCIPAL
19/03/2026;S;P-001;PRODUCTO RENTABLE;7;95,00;PRINCIPAL
19/03/2026;S;P-003;PRODUCTO CON MARGEN BAJO;7;100,00;PRINCIPAL
19/03/2026;S;P-004;PRODUCTO POR AGOTARSE;11;105,00;PRINCIPAL
20/03/2026;S;P-001;PRODUCTO RENTABLE;16;95,00;PRINCIPAL
20/03/2026;S;P-003;PRODUCTO CON MARGEN BAJO;9;100,00;PRINCIPAL
20/03/2026;S;P-004;PRODUCTO POR AGOTARSE;13;105,00;PRINCIPAL
21/03/2026;S;P-001;PRODUCTO RENTABLE;4;95,00;PRINCIPAL
21/03/2026;S;P-003;PRODUCTO CON MARGEN BAJO;5;100,00;PRINCIPAL
21/03/2026;S;P-004;PRODUCTO POR AGOTARSE;11;105,00;PRINCIPAL
22/03/2026;S;P-001;PRODUCTO RENTABLE;3;95,00;PRINCIPAL
22/03/2026;S;P-003;PRODUCTO CON MARGEN BAJO;4;100,00;PRINCIPAL
22/03/2026;S;P-004;PRODUCTO POR AGOTARSE;9;105,00;PRINCIPAL
23/03/2026;S;P-001;PRODUCTO RENTABLE;5;95,00;PRINCIPAL
23/03/2026;S;P-003;PRODUCTO CON MARGEN BAJO;8;100,00;PRINCIPAL
23/03/2026;S;P-004;PRODUCTO POR AGOTARSE;8;105,00;PRINCIPAL
24/03/2026;S;P-001;PRODUCTO RENTABLE;6;95,00;PRINCIPAL
24/03/2026;S;P-003;PRODUCTO CON MARGEN BAJO;8;100,00;PRINCIPAL
24/03/2026;S;P-004;PRODUCTO POR AGOTARSE;9;105,00;PRINCIPAL
25/03/2026;S;P-001;PRODUCTO RENTABLE;6;95,00;PRINCIPAL
25/03/2026;E;P-001;PRODUCTO RENTABLE;50;95,00;PRINCIPAL
25/03/2026;S;P-003;PRODUCTO CON MARGEN BAJO;9;100,00;PRINCIPAL
25/03/2026;S;P-004;PRODUCTO POR AGOTARSE;10;105,00;PRINCIPAL
26/03/2026;S;P-001;PRODUCTO RENTABLE;7;95,00;PRINCIPAL
26/03/2026;S;P-003;PRODUCTO CON MARGEN BAJO;7;100,00;PRINCIPAL
26/03/2026;S;P-004;PRODUCTO POR AGOTARSE;11;105,00;PRINCIPAL
27/03/2026;S;P-001;PRODUCTO RENTABLE;9;95,00;PRINCIPAL
27/03/2026;S;P-003;PRODUCTO CON MARGEN BAJO;9;100,00;PRINCIPAL
27/03/2026;S;P-004;PRODUCTO POR AGOTARSE;13;105,00;PRINCIPAL
28/03/2026;S;P-001;PRODUCTO RENTABLE;4;95,00;PRINCIPAL
28/03/2026;S;P-002;PRODUCTO SOBREABASTECIDO;1;170,00;PRINCIPAL
28/03/2026;S;P-003;PRODUCTO CON MARGEN BAJO;5;100,00;PRINCIPAL
28/03/2026;S;P-004;PRODUCTO POR AGOTARSE;11;105,00;PRINCIPAL
29/03/2026;S;P-001;PRODUCTO RENTABLE;3;95,00;PRINCIPAL
29/03/2026;S;P-003;PRODUCTO CON MARGEN BAJO;4;100,00;PRINCIPAL
29/03/2026;S;P-004;PRODUCTO POR AGOTARSE;9;105,00;PRINCIPAL
30/03/2026;S;P-001;PRODUCTO RENTABLE;5;95,00;PRINCIPAL
30/03/2026;S;P-003;PRODUCTO CON MARGEN BAJO;8;100,00;PRINCIPAL
30/03/2026;S;P-004;PRODUCTO POR AGOTARSE;8;105,00;PRINCIPAL
31/03/2026;S;P-001;PRODUCTO RENTABLE;6;95,00;PRINCIPAL
31/03/2026;S;P-003;PRODUCTO CON MARGEN BAJO;8;100,00;PRINCIPAL
31/03/2026;S;P-004;PRODUCTO POR AGOTARSE;9;105,00;PRINCIPAL
01/04/2026;S;P-001;PRODUCTO RENTABLE;6;95,00;PRINCIPAL
01/04/2026;S;P-002;PRODUCTO SOBREABASTECIDO;2;170,00;PRINCIPAL
01/04/2026;S;P-003;PRODUCTO CON MARGEN BAJO;7;100,00;PRINCIPAL
01/04/2026;S;P-004;PRODUCTO POR AGOTARSE;10;105,00;PRINCIPAL
02/04/2026;S;P-001;PRODUCTO RENTABLE;7;95,00;PRINCIPAL
02/04/2026;S;P-003;PRODUCTO CON MARGEN BAJO;7;100,00;PRINCIPAL
02/04/2026;S;P-004;PRODUCTO POR AGOTARSE;11;105,00;PRINCIPAL
03/04/2026;S;P-001;PRODUCTO RENTABLE;9;95,00;PRINCIPAL
03/04/2026;S;P-003;PRODUCTO CON MARGEN BAJO;9;100,00;PRINCIPAL
03/04/2026;S;P-004;PRODUCTO POR AGOTARSE;13;105,00;PRINCIPAL
04/04/2026;S;P-001;PRODUCTO RENTABLE;4;95,00;PRINCIPAL
04/04/2026;S;P-003;PRODUCTO CON MARGEN BAJO;5;100,00;PRINCIPAL
04/04/2026;S;P-004;PRODUCTO POR AGOTARSE;11;105,00;PRINCIPAL
05/04/2026;S;P-001;PRODUCTO RENTABLE;10;95,00;PRINCIPAL
05/04/2026;S;P-003;PRODUCTO CON MARGEN BAJO;4;100,00;PRINCIPAL
05/04/2026;S;P-004;PRODUCTO POR AGOTARSE;9;105,00;PRINCIPAL
06/04/2026;S;P-001;PRODUCTO RENTABLE;5;95,00;PRINCIPAL
06/04/2026;S;P-003;PRODUCTO CON MARGEN BAJO;8;100,00;PRINCIPAL
06/04/2026;S;P-004;PRODUCTO POR AGOTARSE;8;105,00;PRINCIPAL
07/04/2026;S;P-001;PRODUCTO RENTABLE;6;95,00;PRINCIPAL
07/04/2026;S;P-003;PRODUCTO CON MARGEN BAJO;8;100,00;PRINCIPAL
07/04/2026;S;P-004;PRODUCTO POR AGOTARSE;9;105,00;PRINCIPAL
08/04/2026;S;P-001;PRODUCTO RENTABLE;6;95,00;PRINCIPAL
08/04/2026;S;P-003;PRODUCTO CON MARGEN BAJO;7;100,00;PRINCIPAL
08/04/2026;E;P-003;PRODUCTO CON MARGEN BAJO;50;100,00;PRINCIPAL
08/04/2026;S;P-004;PRODUCTO POR AGOTARSE;10;105,00;PRINCIPAL
09/04/2026;S;P-001;PRODUCTO RENTABLE;7;95,00;PRINCIPAL
09/04/2026;S;P-003;PRODUCTO CON MARGEN BAJO;7;100,00;PRINCIPAL
09/04/2026;S;P-004;PRODUCTO POR AGOTARSE;11;105,00;PRINCIPAL
10/04/2026;S;P-001;PRODUCTO RENTABLE;9;95,00;PRINCIPAL
10/04/2026;S;P-002;PRODUCTO SOBREABASTECIDO;1;170,00;PRINCIPAL
10/04/2026;S;P-003;PRODUCTO CON MARGEN BAJO;11;100,00;PRINCIPAL
10/04/2026;S;P-004;PRODUCTO POR AGOTARSE;13;105,00;PRINCIPAL
11/04/2026;S;P-001;PRODUCTO RENTABLE;4;95,00;PRINCIPAL
11/04/2026;S;P-003;PRODUCTO CON MARGEN BAJO;5;100,00;PRINCIPAL
11/04/2026;S;P-004;PRODUCTO POR AGOTARSE;11;105,00;PRINCIPAL
12/04/2026;S;P-001;PRODUCTO RENTABLE;3;95,00;PRINCIPAL
12/04/2026;S;P-003;PRODUCTO CON MARGEN BAJO;4;100,00;PRINCIPAL
12/04/2026;S;P-004;PRODUCTO POR AGOTARSE;19;105,00;PRINCIPAL
13/04/2026;S;P-001;PRODUCTO RENTABLE;5;95,00;PRINCIPAL
13/04/2026;S;P-003;PRODUCTO CON MARGEN BAJO;8;100,00;PRINCIPAL
13/04/2026;S;P-004;PRODUCTO POR AGOTARSE;18;105,00;PRINCIPAL
14/04/2026;S;P-001;PRODUCTO RENTABLE;6;95,00;PRINCIPAL
14/04/2026;S;P-003;PRODUCTO CON MARGEN BAJO;8;100,00;PRINCIPAL
14/04/2026;S;P-004;PRODUCTO POR AGOTARSE;19;105,00;PRINCIPAL
15/04/2026;S;P-001;PRODUCTO RENTABLE;6;95,00;PRINCIPAL
15/04/2026;S;P-002;PRODUCTO SOBREABASTECIDO;2;170,00;PRINCIPAL
15/04/2026;S;P-003;PRODUCTO CON MARGEN BAJO;7;100,00;PRINCIPAL
15/04/2026;S;P-004;PRODUCTO POR AGOTARSE;10;105,00;PRINCIPAL
16/04/2026;S;P-001;PRODUCTO RENTABLE;7;95,00;PRINCIPAL
16/04/2026;S;P-003;PRODUCTO CON MARGEN BAJO;7;100,00;PRINCIPAL
16/04/2026;S;P-004;PRODUCTO POR AGOTARSE;11;105,00;PRINCIPAL
17/04/2026;S;P-001;PRODUCTO RENTABLE;9;95,00;PRINCIPAL
17/04/2026;S;P-003;PRODUCTO CON MARGEN BAJO;9;100,00;PRINCIPAL
17/04/2026;S;P-004;PRODUCTO POR AGOTARSE;13;105,00;PRINCIPAL
18/04/2026;S;P-001;PRODUCTO RENTABLE;4;95,00;PRINCIPAL
18/04/2026;S;P-003;PRODUCTO CON MARGEN BAJO;5;100,00;PRINCIPAL
18/04/2026;S;P-004;PRODUCTO POR AGOTARSE;11;105,00;PRINCIPAL
19/04/2026;S;P-001;PRODUCTO RENTABLE;3;95,00;PRINCIPAL
19/04/2026;S;P-003;PRODUCTO CON MARGEN BAJO;4;100,00;PRINCIPAL
19/04/2026;S;P-004;PRODUCTO POR AGOTARSE;9;105,00;PRINCIPAL
20/04/2026;S;P-001;PRODUCTO RENTABLE;13;95,00;PRINCIPAL
20/04/2026;S;P-003;PRODUCTO CON MARGEN BAJO;8;100,00;PRINCIPAL
20/04/2026;S;P-004;PRODUCTO POR AGOTARSE;9;105,00;PRINCIPAL
21/04/2026;S;P-001;PRODUCTO RENTABLE;7;95,00;PRINCIPAL
21/04/2026;S;P-003;PRODUCTO CON MARGEN BAJO;8;100,00;PRINCIPAL
21/04/2026;S;P-004;PRODUCTO POR AGOTARSE;10;105,00;PRINCIPAL
22/04/2026;S;P-001;PRODUCTO RENTABLE;7;95,00;PRINCIPAL
22/04/2026;S;P-003;PRODUCTO CON MARGEN BAJO;7;100,00;PRINCIPAL
22/04/2026;S;P-004;PRODUCTO POR AGOTARSE;11;105,00;PRINCIPAL
22/04/2026;E;P-004;PRODUCTO POR AGOTARSE;50;105,00;PRINCIPAL
23/04/2026;S;P-001;PRODUCTO RENTABLE;8;95,00;PRINCIPAL
23/04/2026;S;P-002;PRODUCTO SOBREABASTECIDO;1;170,00;PRINCIPAL
23/04/2026;S;P-003;PRODUCTO CON MARGEN BAJO;7;100,00;PRINCIPAL
23/04/2026;S;P-004;PRODUCTO POR AGOTARSE;12;105,00;PRINCIPAL
24/04/2026;S;P-001;PRODUCTO RENTABLE;10;95,00;PRINCIPAL
24/04/2026;S;P-003;PRODUCTO CON MARGEN BAJO;9;100,00;PRINCIPAL
24/04/2026;S;P-004;PRODUCTO POR AGOTARSE;14;105,00;PRINCIPAL
25/04/2026;S;P-001;PRODUCTO RENTABLE;5;95,00;PRINCIPAL
25/04/2026;S;P-003;PRODUCTO CON MARGEN BAJO;7;100,00;PRINCIPAL
25/04/2026;S;P-004;PRODUCTO POR AGOTARSE;12;105,00;PRINCIPAL
26/04/2026;S;P-001;PRODUCTO RENTABLE;4;95,00;PRINCIPAL
26/04/2026;S;P-003;PRODUCTO CON MARGEN BAJO;4;100,00;PRINCIPAL
26/04/2026;S;P-004;PRODUCTO POR AGOTARSE;10;105,00;PRINCIPAL
27/04/2026;S;P-001;PRODUCTO RENTABLE;6;95,00;PRINCIPAL
27/04/2026;S;P-003;PRODUCTO CON MARGEN BAJO;8;100,00;PRINCIPAL
27/04/2026;S;P-004;PRODUCTO POR AGOTARSE;9;105,00;PRINCIPAL
28/04/2026;S;P-001;PRODUCTO RENTABLE;7;95,00;PRINCIPAL
28/04/2026;S;P-003;PRODUCTO CON MARGEN BAJO;8;100,00;PRINCIPAL
28/04/2026;S;P-004;PRODUCTO POR AGOTARSE;10;105,00;PRINCIPAL
29/04/2026;S;P-001;PRODUCTO RENTABLE;7;95,00;PRINCIPAL
29/04/2026;S;P-003;PRODUCTO CON MARGEN BAJO;7;100,00;PRINCIPAL
29/04/2026;S;P-004;PRODUCTO POR AGOTARSE;11;105,00;PRINCIPAL
30/04/2026;S;P-001;PRODUCTO RENTABLE;8;95,00;PRINCIPAL
30/04/2026;S;P-003;PRODUCTO CON MARGEN BAJO;7;100,00;PRINCIPAL
30/04/2026;S;P-004;PRODUCTO POR AGOTARSE;12;105,00;PRINCIPAL
01/05/2026;S;P-001;PRODUCTO RENTABLE;10;95,00;PRINCIPAL
01/05/2026;S;P-002;PRODUCTO SOBREABASTECIDO;2;170,00;PRINCIPAL
01/05/2026;S;P-003;PRODUCTO CON MARGEN BAJO;9;100,00;PRINCIPAL
01/05/2026;S;P-004;PRODUCTO POR AGOTARSE;14;105,00;PRINCIPAL
02/05/2026;S;P-001;PRODUCTO RENTABLE;5;95,00;PRINCIPAL
02/05/2026;S;P-003;PRODUCTO CON MARGEN BAJO;5;100,00;PRINCIPAL
02/05/2026;S;P-004;PRODUCTO POR AGOTARSE;12;105,00;PRINCIPAL
03/05/2026;S;P-001;PRODUCTO RENTABLE;4;95,00;PRINCIPAL
03/05/2026;S;P-003;PRODUCTO CON MARGEN BAJO;4;100,00;PRINCIPAL
03/05/2026;S;P-004;PRODUCTO POR AGOTARSE;10;105,00;PRINCIPAL
04/05/2026;S;P-001;PRODUCTO RENTABLE;6;95,00;PRINCIPAL
04/05/2026;S;P-003;PRODUCTO CON MARGEN BAJO;8;100,00;PRINCIPAL
04/05/2026;S;P-004;PRODUCTO POR AGOTARSE;9;105,00;PRINCIPAL
05/05/2026;S;P-001;PRODUCTO RENTABLE;14;95,00;PRINCIPAL
05/05/2026;S;P-003;PRODUCTO CON MARGEN BAJO;8;100,00;PRINCIPAL
05/05/2026;S;P-004;PRODUCTO POR AGOTARSE;10;105,00;PRINCIPAL
06/05/2026;S;P-001;PRODUCTO RENTABLE;7;95,00;PRINCIPAL
06/05/2026;S;P-002;PRODUCTO SOBREABASTECIDO;1;170,00;PRINCIPAL
06/05/2026;S;P-003;PRODUCTO CON MARGEN BAJO;7;100,00;PRINCIPAL
06/05/2026;S;P-004;PRODUCTO POR AGOTARSE;11;105,00;PRINCIPAL
06/05/2026;E;P-004;PRODUCTO POR AGOTARSE;50;105,00;PRINCIPAL
07/05/2026;S;P-001;PRODUCTO RENTABLE;8;95,00;PRINCIPAL
07/05/2026;S;P-003;PRODUCTO CON MARGEN BAJO;7;100,00;PRINCIPAL
07/05/2026;S;P-004;PRODUCTO POR AGOTARSE;12;105,00;PRINCIPAL
08/05/2026;S;P-001;PRODUCTO RENTABLE;10;95,00;PRINCIPAL
08/05/2026;S;P-003;PRODUCTO CON MARGEN BAJO;9;100,00;PRINCIPAL
08/05/2026;S;P-004;PRODUCTO POR AGOTARSE;14;105,00;PRINCIPAL
09/05/2026;S;P-001;PRODUCTO RENTABLE;5;95,00;PRINCIPAL
09/05/2026;S;P-003;PRODUCTO CON MARGEN BAJO;5;100,00;PRINCIPAL
09/05/2026;S;P-004;PRODUCTO POR AGOTARSE;12;105,00;PRINCIPAL
10/05/2026;S;P-001;PRODUCTO RENTABLE;4;95,00;PRINCIPAL
10/05/2026;S;P-003;PRODUCTO CON MARGEN BAJO;6;100,00;PRINCIPAL
10/05/2026;S;P-004;PRODUCTO POR AGOTARSE;10;105,00;PRINCIPAL
11/05/2026;S;P-001;PRODUCTO RENTABLE;6;95,00;PRINCIPAL
11/05/2026;S;P-003;PRODUCTO CON MARGEN BAJO;8;100,00;PRINCIPAL
11/05/2026;S;P-004;PRODUCTO POR AGOTARSE;9;105,00;PRINCIPAL
12/05/2026;S;P-001;PRODUCTO RENTABLE;7;95,00;PRINCIPAL
12/05/2026;S;P-003;PRODUCTO CON MARGEN BAJO;8;100,00;PRINCIPAL
12/05/2026;S;P-004;PRODUCTO POR AGOTARSE;20;105,00;PRINCIPAL
13/05/2026;S;P-001;PRODUCTO RENTABLE;7;95,00;PRINCIPAL
13/05/2026;S;P-003;PRODUCTO CON MARGEN BAJO;7;100,00;PRINCIPAL
13/05/2026;S;P-004;PRODUCTO POR AGOTARSE;21;105,00;PRINCIPAL
14/05/2026;S;P-001;PRODUCTO RENTABLE;8;95,00;PRINCIPAL
14/05/2026;S;P-003;PRODUCTO CON MARGEN BAJO;7;100,00;PRINCIPAL
14/05/2026;S;P-004;PRODUCTO POR AGOTARSE;22;105,00;PRINCIPAL
15/05/2026;S;P-001;PRODUCTO RENTABLE;10;95,00;PRINCIPAL
15/05/2026;S;P-002;PRODUCTO SOBREABASTECIDO;2;170,00;PRINCIPAL
15/05/2026;S;P-003;PRODUCTO CON MARGEN BAJO;9;100,00;PRINCIPAL
15/05/2026;S;P-004;PRODUCTO POR AGOTARSE;14;105,00;PRINCIPAL
16/05/2026;S;P-001;PRODUCTO RENTABLE;5;95,00;PRINCIPAL
16/05/2026;S;P-003;PRODUCTO CON MARGEN BAJO;5;100,00;PRINCIPAL
16/05/2026;S;P-004;PRODUCTO POR AGOTARSE;12;105,00;PRINCIPAL
17/05/2026;S;P-001;PRODUCTO RENTABLE;4;95,00;PRINCIPAL
17/05/2026;S;P-003;PRODUCTO CON MARGEN BAJO;4;100,00;PRINCIPAL
17/05/2026;S;P-004;PRODUCTO POR AGOTARSE;10;105,00;PRINCIPAL
18/05/2026;S;P-001;PRODUCTO RENTABLE;6;95,00;PRINCIPAL
18/05/2026;S;P-003;PRODUCTO CON MARGEN BAJO;8;100,00;PRINCIPAL
18/05/2026;S;P-004;PRODUCTO POR AGOTARSE;9;105,00;PRINCIPAL
19/05/2026;S;P-001;PRODUCTO RENTABLE;7;95,00;PRINCIPAL
19/05/2026;S;P-002;PRODUCTO SOBREABASTECIDO;1;170,00;PRINCIPAL
19/05/2026;S;P-003;PRODUCTO CON MARGEN BAJO;8;100,00;PRINCIPAL
19/05/2026;S;P-004;PRODUCTO POR AGOTARSE;10;105,00;PRINCIPAL
20/05/2026;S;P-001;PRODUCTO RENTABLE;14;95,00;PRINCIPAL
20/05/2026;S;P-003;PRODUCTO CON MARGEN BAJO;7;100,00;PRINCIPAL
20/05/2026;S;P-004;PRODUCTO POR AGOTARSE;11;105,00;PRINCIPAL
21/05/2026;S;P-001;PRODUCTO RENTABLE;8;95,00;PRINCIPAL
21/05/2026;E;P-001;PRODUCTO RENTABLE;50;95,00;PRINCIPAL
21/05/2026;S;P-003;PRODUCTO CON MARGEN BAJO;7;100,00;PRINCIPAL
21/05/2026;S;P-004;PRODUCTO POR AGOTARSE;12;105,00;PRINCIPAL
22/05/2026;S;P-001;PRODUCTO RENTABLE;10;95,00;PRINCIPAL
22/05/2026;S;P-003;PRODUCTO CON MARGEN BAJO;9;100,00;PRINCIPAL
22/05/2026;S;P-004;PRODUCTO POR AGOTARSE;14;105,00;PRINCIPAL
23/05/2026;S;P-001;PRODUCTO RENTABLE;5;95,00;PRINCIPAL
23/05/2026;S;P-003;PRODUCTO CON MARGEN BAJO;5;100,00;PRINCIPAL
23/05/2026;S;P-004;PRODUCTO POR AGOTARSE;12;105,00;PRINCIPAL
24/05/2026;S;P-001;PRODUCTO RENTABLE;4;95,00;PRINCIPAL
24/05/2026;S;P-003;PRODUCTO CON MARGEN BAJO;4;100,00;PRINCIPAL
24/05/2026;S;P-004;PRODUCTO POR AGOTARSE;10;105,00;PRINCIPAL
25/05/2026;S;P-001;PRODUCTO RENTABLE;6;95,00;PRINCIPAL
25/05/2026;S;P-003;PRODUCTO CON MARGEN BAJO;10;100,00;PRINCIPAL
25/05/2026;S;P-004;PRODUCTO POR AGOTARSE;10;105,00;PRINCIPAL
26/05/2026;S;P-001;PRODUCTO RENTABLE;7;95,00;PRINCIPAL
26/05/2026;S;P-003;PRODUCTO CON MARGEN BAJO;8;100,00;PRINCIPAL
26/05/2026;S;P-004;PRODUCTO POR AGOTARSE;11;105,00;PRINCIPAL
27/05/2026;S;P-001;PRODUCTO RENTABLE;7;95,00;PRINCIPAL
27/05/2026;S;P-003;PRODUCTO CON MARGEN BAJO;7;100,00;PRINCIPAL
27/05/2026;S;P-004;PRODUCTO POR AGOTARSE;12;105,00;PRINCIPAL
28/05/2026;S;P-001;PRODUCTO RENTABLE;8;95,00;PRINCIPAL
28/05/2026;S;P-003;PRODUCTO CON MARGEN BAJO;7;100,00;PRINCIPAL
28/05/2026;S;P-004;PRODUCTO POR AGOTARSE;13;105,00;PRINCIPAL
29/05/2026;S;P-001;PRODUCTO RENTABLE;10;95,00;PRINCIPAL
29/05/2026;S;P-003;PRODUCTO CON MARGEN BAJO;9;100,00;PRINCIPAL
29/05/2026;S;P-004;PRODUCTO POR AGOTARSE;15;105,00;PRINCIPAL
30/05/2026;S;P-001;PRODUCTO RENTABLE;5;95,00;PRINCIPAL
30/05/2026;S;P-003;PRODUCTO CON MARGEN BAJO;5;100,00;PRINCIPAL
30/05/2026;S;P-004;PRODUCTO POR AGOTARSE;13;105,00;PRINCIPAL
31/05/2026;S;P-001;PRODUCTO RENTABLE;4;95,00;PRINCIPAL
31/05/2026;S;P-003;PRODUCTO CON MARGEN BAJO;4;100,00;PRINCIPAL
31/05/2026;S;P-004;PRODUCTO POR AGOTARSE;11;105,00;PRINCIPAL
01/06/2026;S;P-001;PRODUCTO RENTABLE;6;95,00;PRINCIPAL
01/06/2026;S;P-002;PRODUCTO SOBREABASTECIDO;2;170,00;PRINCIPAL
01/06/2026;S;P-003;PRODUCTO CON MARGEN BAJO;8;100,00;PRINCIPAL
01/06/2026;S;P-004;PRODUCTO POR AGOTARSE;10;105,00;PRINCIPAL
02/06/2026;S;P-001;PRODUCTO RENTABLE;7;95,00;PRINCIPAL
02/06/2026;S;P-003;PRODUCTO CON MARGEN BAJO;8;100,00;PRINCIPAL
02/06/2026;S;P-004;PRODUCTO POR AGOTARSE;11;105,00;PRINCIPAL
03/06/2026;S;P-001;PRODUCTO RENTABLE;7;95,00;PRINCIPAL
03/06/2026;S;P-003;PRODUCTO CON MARGEN BAJO;7;100,00;PRINCIPAL
03/06/2026;S;P-004;PRODUCTO POR AGOTARSE;12;105,00;PRINCIPAL
04/06/2026;S;P-001;PRODUCTO RENTABLE;8;95,00;PRINCIPAL
04/06/2026;S;P-003;PRODUCTO CON MARGEN BAJO;7;100,00;PRINCIPAL
04/06/2026;S;P-004;PRODUCTO POR AGOTARSE;13;105,00;PRINCIPAL
04/06/2026;E;P-004;PRODUCTO POR AGOTARSE;50;105,00;PRINCIPAL
05/06/2026;S;P-001;PRODUCTO RENTABLE;17;95,00;PRINCIPAL
05/06/2026;S;P-003;PRODUCTO CON MARGEN BAJO;9;100,00;PRINCIPAL
05/06/2026;S;P-004;PRODUCTO POR AGOTARSE;15;105,00;PRINCIPAL
06/06/2026;S;P-001;PRODUCTO RENTABLE;5;95,00;PRINCIPAL
06/06/2026;S;P-003;PRODUCTO CON MARGEN BAJO;5;100,00;PRINCIPAL
06/06/2026;S;P-004;PRODUCTO POR AGOTARSE;13;105,00;PRINCIPAL
07/06/2026;S;P-001;PRODUCTO RENTABLE;4;95,00;PRINCIPAL
07/06/2026;S;P-003;PRODUCTO CON MARGEN BAJO;4;100,00;PRINCIPAL
07/06/2026;S;P-004;PRODUCTO POR AGOTARSE;11;105,00;PRINCIPAL
08/06/2026;S;P-001;PRODUCTO RENTABLE;6;95,00;PRINCIPAL
08/06/2026;S;P-003;PRODUCTO CON MARGEN BAJO;8;100,00;PRINCIPAL
08/06/2026;S;P-004;PRODUCTO POR AGOTARSE;10;105,00;PRINCIPAL
09/06/2026;S;P-001;PRODUCTO RENTABLE;7;95,00;PRINCIPAL
09/06/2026;S;P-003;PRODUCTO CON MARGEN BAJO;8;100,00;PRINCIPAL
09/06/2026;S;P-004;PRODUCTO POR AGOTARSE;11;105,00;PRINCIPAL
10/06/2026;S;P-001;PRODUCTO RENTABLE;7;95,00;PRINCIPAL
10/06/2026;S;P-003;PRODUCTO CON MARGEN BAJO;9;100,00;PRINCIPAL
10/06/2026;S;P-004;PRODUCTO POR AGOTARSE;12;105,00;PRINCIPAL
11/06/2026;S;P-001;PRODUCTO RENTABLE;8;95,00;PRINCIPAL
11/06/2026;S;P-003;PRODUCTO CON MARGEN BAJO;7;100,00;PRINCIPAL
11/06/2026;S;P-004;PRODUCTO POR AGOTARSE;13;105,00;PRINCIPAL
12/06/2026;S;P-001;PRODUCTO RENTABLE;10;95,00;PRINCIPAL
12/06/2026;S;P-003;PRODUCTO CON MARGEN BAJO;9;100,00;PRINCIPAL
12/06/2026;S;P-004;PRODUCTO POR AGOTARSE;25;105,00;PRINCIPAL
13/06/2026;S;P-001;PRODUCTO RENTABLE;5;95,00;PRINCIPAL
13/06/2026;S;P-003;PRODUCTO CON MARGEN BAJO;5;100,00;PRINCIPAL
13/06/2026;S;P-004;PRODUCTO POR AGOTARSE;23;105,00;PRINCIPAL
14/06/2026;S;P-001;PRODUCTO RENTABLE;4;95,00;PRINCIPAL
14/06/2026;S;P-002;PRODUCTO SOBREABASTECIDO;1;170,00;PRINCIPAL
14/06/2026;S;P-003;PRODUCTO CON MARGEN BAJO;4;100,00;PRINCIPAL
14/06/2026;S;P-004;PRODUCTO POR AGOTARSE;21;105,00;PRINCIPAL
15/06/2026;S;P-001;PRODUCTO RENTABLE;6;95,00;PRINCIPAL
15/06/2026;S;P-002;PRODUCTO SOBREABASTECIDO;2;170,00;PRINCIPAL
15/06/2026;S;P-003;PRODUCTO CON MARGEN BAJO;8;100,00;PRINCIPAL
15/06/2026;S;P-004;PRODUCTO POR AGOTARSE;10;105,00;PRINCIPAL
16/06/2026;S;P-001;PRODUCTO RENTABLE;7;95,00;PRINCIPAL
16/06/2026;S;P-003;PRODUCTO CON MARGEN BAJO;8;100,00;PRINCIPAL
16/06/2026;S;P-004;PRODUCTO POR AGOTARSE;11;105,00;PRINCIPAL
17/06/2026;S;P-001;PRODUCTO RENTABLE;7;95,00;PRINCIPAL
17/06/2026;S;P-003;PRODUCTO CON MARGEN BAJO;7;100,00;PRINCIPAL
17/06/2026;S;P-004;PRODUCTO POR AGOTARSE;12;105,00;PRINCIPAL
18/06/2026;S;P-001;PRODUCTO RENTABLE;8;95,00;PRINCIPAL
18/06/2026;S;P-003;PRODUCTO CON MARGEN BAJO;7;100,00;PRINCIPAL
18/06/2026;S;P-004;PRODUCTO POR AGOTARSE;13;105,00;PRINCIPAL
19/06/2026;S;P-001;PRODUCTO RENTABLE;10;95,00;PRINCIPAL
19/06/2026;E;P-001;PRODUCTO RENTABLE;50;95,00;PRINCIPAL
19/06/2026;S;P-003;PRODUCTO CON MARGEN BAJO;9;100,00;PRINCIPAL
19/06/2026;S;P-004;PRODUCTO POR AGOTARSE;15;105,00;PRINCIPAL
20/06/2026;S;P-001;PRODUCTO RENTABLE;12;95,00;PRINCIPAL
20/06/2026;S;P-003;PRODUCTO CON MARGEN BAJO;5;100,00;PRINCIPAL
20/06/2026;S;P-004;PRODUCTO POR AGOTARSE;13;105,00;PRINCIPAL
21/06/2026;S;P-001;PRODUCTO RENTABLE;4;95,00;PRINCIPAL
21/06/2026;S;P-003;PRODUCTO CON MARGEN BAJO;4;100,00;PRINCIPAL
21/06/2026;S;P-004;PRODUCTO POR AGOTARSE;11;105,00;PRINCIPAL
22/06/2026;S;P-001;PRODUCTO RENTABLE;6;95,00;PRINCIPAL
22/06/2026;S;P-003;PRODUCTO CON MARGEN BAJO;8;100,00;PRINCIPAL
22/06/2026;S;P-004;PRODUCTO POR AGOTARSE;10;105,00;PRINCIPAL
23/06/2026;S;P-001;PRODUCTO RENTABLE;7;95,00;PRINCIPAL
23/06/2026;S;P-003;PRODUCTO CON MARGEN BAJO;8;100,00;PRINCIPAL
23/06/2026;S;P-004;PRODUCTO POR AGOTARSE;11;105,00;PRINCIPAL
24/06/2026;S;P-001;PRODUCTO RENTABLE;7;95,00;PRINCIPAL
24/06/2026;S;P-003;PRODUCTO CON MARGEN BAJO;7;100,00;PRINCIPAL
24/06/2026;S;P-004;PRODUCTO POR AGOTARSE;12;105,00;PRINCIPAL
25/06/2026;S;P-001;PRODUCTO RENTABLE;8;95,00;PRINCIPAL
25/06/2026;S;P-003;PRODUCTO CON MARGEN BAJO;9;100,00;PRINCIPAL
25/06/2026;S;P-004;PRODUCTO POR AGOTARSE;13;105,00;PRINCIPAL
26/06/2026;S;P-001;PRODUCTO RENTABLE;10;95,00;PRINCIPAL
26/06/2026;S;P-003;PRODUCTO CON MARGEN BAJO;9;100,00;PRINCIPAL
26/06/2026;S;P-004;PRODUCTO POR AGOTARSE;15;105,00;PRINCIPAL
27/06/2026;S;P-001;PRODUCTO RENTABLE;5;95,00;PRINCIPAL
27/06/2026;S;P-002;PRODUCTO SOBREABASTECIDO;1;170,00;PRINCIPAL
27/06/2026;S;P-003;PRODUCTO CON MARGEN BAJO;5;100,00;PRINCIPAL
27/06/2026;S;P-004;PRODUCTO POR AGOTARSE;13;105,00;PRINCIPAL
28/06/2026;S;P-001;PRODUCTO RENTABLE;4;95,00;PRINCIPAL
28/06/2026;S;P-003;PRODUCTO CON MARGEN BAJO;4;100,00;PRINCIPAL
28/06/2026;S;P-004;PRODUCTO POR AGOTARSE;11;105,00;PRINCIPAL
29/06/2026;S;P-001;PRODUCTO RENTABLE;7;95,00;PRINCIPAL
29/06/2026;S;P-003;PRODUCTO CON MARGEN BAJO;8;100,00;PRINCIPAL
29/06/2026;S;P-004;PRODUCTO POR AGOTARSE;11;105,00;PRINCIPAL
30/06/2026;S;P-001;PRODUCTO RENTABLE;8;95,00;PRINCIPAL
30/06/2026;S;P-003;PRODUCTO CON MARGEN BAJO;8;100,00;PRINCIPAL
30/06/2026;S;P-004;PRODUCTO POR AGOTARSE;12;105,00;PRINCIPAL
01/07/2026;S;P-001;PRODUCTO RENTABLE;8;95,00;PRINCIPAL
01/07/2026;S;P-002;PRODUCTO SOBREABASTECIDO;2;170,00;PRINCIPAL
01/07/2026;S;P-003;PRODUCTO CON MARGEN BAJO;7;100,00;PRINCIPAL
01/07/2026;S;P-004;PRODUCTO POR AGOTARSE;13;105,00;PRINCIPAL
02/07/2026;S;P-001;PRODUCTO RENTABLE;9;95,00;PRINCIPAL
02/07/2026;S;P-003;PRODUCTO CON MARGEN BAJO;7;100,00;PRINCIPAL
02/07/2026;S;P-004;PRODUCTO POR AGOTARSE;14;105,00;PRINCIPAL
03/07/2026;S;P-001;PRODUCTO RENTABLE;11;95,00;PRINCIPAL
03/07/2026;S;P-003;PRODUCTO CON MARGEN BAJO;9;100,00;PRINCIPAL
03/07/2026;E;P-003;PRODUCTO CON MARGEN BAJO;50;100,00;PRINCIPAL
03/07/2026;S;P-004;PRODUCTO POR AGOTARSE;16;105,00;PRINCIPAL
04/07/2026;S;P-001;PRODUCTO RENTABLE;6;95,00;PRINCIPAL
04/07/2026;S;P-003;PRODUCTO CON MARGEN BAJO;5;100,00;PRINCIPAL
04/07/2026;S;P-004;PRODUCTO POR AGOTARSE;14;105,00;PRINCIPAL
05/07/2026;S;P-001;PRODUCTO RENTABLE;12;95,00;PRINCIPAL
05/07/2026;S;P-003;PRODUCTO CON MARGEN BAJO;4;100,00;PRINCIPAL
05/07/2026;S;P-004;PRODUCTO POR AGOTARSE;12;105,00;PRINCIPAL
06/07/2026;S;P-001;PRODUCTO RENTABLE;7;95,00;PRINCIPAL
06/07/2026;S;P-003;PRODUCTO CON MARGEN BAJO;8;100,00;PRINCIPAL
06/07/2026;S;P-004;PRODUCTO POR AGOTARSE;11;105,00;PRINCIPAL
07/07/2026;S;P-001;PRODUCTO RENTABLE;8;95,00;PRINCIPAL
07/07/2026;S;P-003;PRODUCTO CON MARGEN BAJO;8;100,00;PRINCIPAL
07/07/2026;S;P-004;PRODUCTO POR AGOTARSE;12;105,00;PRINCIPAL
08/07/2026;S;P-001;PRODUCTO RENTABLE;8;95,00;PRINCIPAL
08/07/2026;S;P-003;PRODUCTO CON MARGEN BAJO;7;100,00;PRINCIPAL
08/07/2026;S;P-004;PRODUCTO POR AGOTARSE;13;105,00;PRINCIPAL
09/07/2026;S;P-001;PRODUCTO RENTABLE;9;95,00;PRINCIPAL
09/07/2026;S;P-003;PRODUCTO CON MARGEN BAJO;7;100,00;PRINCIPAL
09/07/2026;S;P-004;PRODUCTO POR AGOTARSE;14;105,00;PRINCIPAL
10/07/2026;S;P-001;PRODUCTO RENTABLE;11;95,00;PRINCIPAL
10/07/2026;S;P-002;PRODUCTO SOBREABASTECIDO;1;170,00;PRINCIPAL
10/07/2026;S;P-003;PRODUCTO CON MARGEN BAJO;11;100,00;PRINCIPAL
10/07/2026;S;P-004;PRODUCTO POR AGOTARSE;16;105,00;PRINCIPAL
11/07/2026;S;P-001;PRODUCTO RENTABLE;6;95,00;PRINCIPAL
11/07/2026;S;P-003;PRODUCTO CON MARGEN BAJO;5;100,00;PRINCIPAL
11/07/2026;S;P-004;PRODUCTO POR AGOTARSE;14;105,00;PRINCIPAL
12/07/2026;S;P-001;PRODUCTO RENTABLE;5;95,00;PRINCIPAL
12/07/2026;S;P-003;PRODUCTO CON MARGEN BAJO;4;100,00;PRINCIPAL
12/07/2026;S;P-004;PRODUCTO POR AGOTARSE;22;105,00;PRINCIPAL
13/07/2026;S;P-001;PRODUCTO RENTABLE;7;95,00;PRINCIPAL
13/07/2026;S;P-003;PRODUCTO CON MARGEN BAJO;8;100,00;PRINCIPAL
13/07/2026;S;P-004;PRODUCTO POR AGOTARSE;21;105,00;PRINCIPAL
14/07/2026;S;P-001;PRODUCTO RENTABLE;8;95,00;PRINCIPAL
14/07/2026;S;P-003;PRODUCTO CON MARGEN BAJO;8;100,00;PRINCIPAL
14/07/2026;S;P-004;PRODUCTO POR AGOTARSE;22;105,00;PRINCIPAL
15/07/2026;S;P-001;PRODUCTO RENTABLE;8;95,00;PRINCIPAL
15/07/2026;S;P-002;PRODUCTO SOBREABASTECIDO;2;170,00;PRINCIPAL
15/07/2026;S;P-003;PRODUCTO CON MARGEN BAJO;7;100,00;PRINCIPAL
15/07/2026;S;P-004;PRODUCTO POR AGOTARSE;13;105,00;PRINCIPAL
16/07/2026;S;P-001;PRODUCTO RENTABLE;9;95,00;PRINCIPAL
16/07/2026;S;P-003;PRODUCTO CON MARGEN BAJO;7;100,00;PRINCIPAL
16/07/2026;S;P-004;PRODUCTO POR AGOTARSE;14;105,00;PRINCIPAL
17/07/2026;S;P-001;PRODUCTO RENTABLE;11;95,00;PRINCIPAL
17/07/2026;S;P-003;PRODUCTO CON MARGEN BAJO;9;100,00;PRINCIPAL
17/07/2026;S;P-004;PRODUCTO POR AGOTARSE;16;105,00;PRINCIPAL
17/07/2026;E;P-004;PRODUCTO POR AGOTARSE;50;105,00;PRINCIPAL
18/07/2026;S;P-001;PRODUCTO RENTABLE;6;95,00;PRINCIPAL
18/07/2026;S;P-003;PRODUCTO CON MARGEN BAJO;5;100,00;PRINCIPAL
18/07/2026;S;P-004;PRODUCTO POR AGOTARSE;14;105,00;PRINCIPAL
19/07/2026;S;P-001;PRODUCTO RENTABLE;5;95,00;PRINCIPAL
19/07/2026;S;P-003;PRODUCTO CON MARGEN BAJO;4;100,00;PRINCIPAL
19/07/2026;S;P-004;PRODUCTO POR AGOTARSE;12;105,00;PRINCIPAL
20/07/2026;S;P-001;PRODUCTO RENTABLE;14;95,00;PRINCIPAL
20/07/2026;S;P-003;PRODUCTO CON MARGEN BAJO;8;100,00;PRINCIPAL
20/07/2026;S;P-004;PRODUCTO POR AGOTARSE;11;105,00;PRINCIPAL
21/07/2026;S;P-001;PRODUCTO RENTABLE;8;95,00;PRINCIPAL
21/07/2026;S;P-003;PRODUCTO CON MARGEN BAJO;8;100,00;PRINCIPAL
21/07/2026;S;P-004;PRODUCTO POR AGOTARSE;12;105,00;PRINCIPAL
22/07/2026;S;P-001;PRODUCTO RENTABLE;8;95,00;PRINCIPAL
22/07/2026;S;P-003;PRODUCTO CON MARGEN BAJO;7;100,00;PRINCIPAL
22/07/2026;S;P-004;PRODUCTO POR AGOTARSE;13;105,00;PRINCIPAL
23/07/2026;S;P-001;PRODUCTO RENTABLE;9;95,00;PRINCIPAL
23/07/2026;S;P-002;PRODUCTO SOBREABASTECIDO;1;170,00;PRINCIPAL
23/07/2026;S;P-003;PRODUCTO CON MARGEN BAJO;7;100,00;PRINCIPAL
23/07/2026;S;P-004;PRODUCTO POR AGOTARSE;14;105,00;PRINCIPAL
24/07/2026;S;P-001;PRODUCTO RENTABLE;11;95,00;PRINCIPAL
24/07/2026;S;P-003;PRODUCTO CON MARGEN BAJO;9;100,00;PRINCIPAL
24/07/2026;S;P-004;PRODUCTO POR AGOTARSE;16;105,00;PRINCIPAL
25/07/2026;S;P-001;PRODUCTO RENTABLE;6;95,00;PRINCIPAL
25/07/2026;S;P-003;PRODUCTO CON MARGEN BAJO;7;100,00;PRINCIPAL
25/07/2026;S;P-004;PRODUCTO POR AGOTARSE;14;105,00;PRINCIPAL
26/07/2026;S;P-001;PRODUCTO RENTABLE;5;95,00;PRINCIPAL
26/07/2026;S;P-003;PRODUCTO CON MARGEN BAJO;4;100,00;PRINCIPAL
26/07/2026;S;P-004;PRODUCTO POR AGOTARSE;12;105,00;PRINCIPAL
27/07/2026;S;P-001;PRODUCTO RENTABLE;7;95,00;PRINCIPAL
27/07/2026;S;P-003;PRODUCTO CON MARGEN BAJO;8;100,00;PRINCIPAL
27/07/2026;S;P-004;PRODUCTO POR AGOTARSE;11;105,00;PRINCIPAL
28/07/2026;S;P-001;PRODUCTO RENTABLE;8;95,00;PRINCIPAL
28/07/2026;S;P-003;PRODUCTO CON MARGEN BAJO;8;100,00;PRINCIPAL
28/07/2026;S;P-004;PRODUCTO POR AGOTARSE;12;105,00;PRINCIPAL
29/07/2026;S;P-001;PRODUCTO RENTABLE;8;95,00;PRINCIPAL
29/07/2026;S;P-003;PRODUCTO CON MARGEN BAJO;7;100,00;PRINCIPAL
29/07/2026;S;P-004;PRODUCTO POR AGOTARSE;13;105,00;PRINCIPAL
30/07/2026;S;P-001;PRODUCTO RENTABLE;9;95,00;PRINCIPAL
30/07/2026;S;P-003;PRODUCTO CON MARGEN BAJO;7;100,00;PRINCIPAL
30/07/2026;S;P-004;PRODUCTO POR AGOTARSE;14;105,00;PRINCIPAL
31/07/2026;S;P-001;PRODUCTO RENTABLE;11;95,00;PRINCIPAL
31/07/2026;S;P-003;PRODUCTO CON MARGEN BAJO;9;100,00;PRINCIPAL
31/07/2026;S;P-004;PRODUCTO POR AGOTARSE;16;105,00;PRINCIPAL