c_TipoDoc;c_NumeroD;d_Fecha;c_CodClie;c_CodArt;c_Descri;n_Cantidad;n_Precio;n_CostoAct
PRE;000001;01/12/2025;C-02;P-001;PRODUCTO RENTABLE;4;180,00;95,00
FAC;000002;01/12/2025;C-03;P-002;PRODUCTO SOBREABASTECIDO;2;250,00;170,00
FAC;000003;01/12/2025;C-04;P-003;PRODUCTO CON MARGEN BAJO;8;105,00;100,00
FAC;000004;01/12/2025;C-05;P-004;PRODUCTO POR AGOTARSE;5;160,00;105,00
FAC;000005;01/12/2025;C-06;P-006;PRODUCTO ESTACIONAL DETENIDO;3;210,00;140,00
FAC;000006;02/12/2025;C-07;P-001;PRODUCTO RENTABLE;5;180,00;95,00
FAC;000007;02/12/2025;C-08;P-003;PRODUCTO CON MARGEN BAJO;8;105,00;100,00
FAC;000008;02/12/2025;C-09;P-004;PRODUCTO POR AGOTARSE;6;160,00;105,00
FAC;000009;02/12/2025;C-10;P-006;PRODUCTO ESTACIONAL DETENIDO;4;210,00;140,00
FAC;000010;03/12/2025;C-11;P-001;PRODUCTO RENTABLE;5;180,00;95,00
FAC;000011;03/12/2025;C-12;P-003;PRODUCTO CON MARGEN BAJO;7;105,00;100,00
FAC;000012;03/12/2025;C-13;P-004;PRODUCTO POR AGOTARSE;7;160,00;105,00
FAC;000013;03/12/2025;C-14;P-006;PRODUCTO ESTACIONAL DETENIDO;4;210,00;140,00
FAC;000014;04/12/2025;C-15;P-001;PRODUCTO RENTABLE;6;180,00;95,00
FAC;000015;04/12/2025;C-16;P-003;PRODUCTO CON MARGEN BAJO;7;105,00;100,00
FAC;000016;04/12/2025;C-17;P-004;PRODUCTO POR AGOTARSE;8;160,00;105,00
FAC;000017;04/12/2025;C-18;P-006;PRODUCTO ESTACIONAL DETENIDO;5;210,00;140,00
FAC;000018;05/12/2025;C-01;P-001;PRODUCTO RENTABLE;15;180,00;95,00
FAC;000019;05/12/2025;C-02;P-003;PRODUCTO CON MARGEN BAJO;9;105,00;100,00
FAC;000020;05/12/2025;C-03;P-004;PRODUCTO POR AGOTARSE;10;160,00;105,00
FAC;000021;05/12/2025;C-04;P-006;PRODUCTO ESTACIONAL DETENIDO;6;210,00;140,00
FAC;000022;06/12/2025;C-05;P-001;PRODUCTO RENTABLE;3;180,00;95,00
FAC;000023;06/12/2025;C-06;P-003;PRODUCTO CON MARGEN BAJO;5;105,00;100,00
FAC;000024;06/12/2025;C-07;P-004;PRODUCTO POR AGOTARSE;8;160,00;105,00
FAC;000025;06/12/2025;C-08;P-006;PRODUCTO ESTACIONAL DETENIDO;2;210,00;140,00
FAC;000026;07/12/2025;C-09;P-001;PRODUCTO RENTABLE;2;180,00;95,00
FAC;000027;07/12/2025;C-10;P-003;PRODUCTO CON MARGEN BAJO;4;105,00;100,00
FAC;000028;07/12/2025;C-11;P-004;PRODUCTO POR AGOTARSE;6;160,00;105,00
FAC;000029;07/12/2025;C-12;P-006;PRODUCTO ESTACIONAL DETENIDO;1;210,00;140,00
FAC;000030;08/12/2025;C-13;P-001;PRODUCTO RENTABLE;4;180,00;95,00
FAC;000031;08/12/2025;C-14;P-003;PRODUCTO CON MARGEN BAJO;8;105,00;100,00
FAC;000032;08/12/2025;C-15;P-004;PRODUCTO POR AGOTARSE;5;160,00;105,00
FAC;000033;08/12/2025;C-16;P-006;PRODUCTO ESTACIONAL DETENIDO;3;210,00;140,00
FAC;000034;09/12/2025;C-17;P-001;PRODUCTO RENTABLE;5;180,00;95,00
FAC;000035;09/12/2025;C-18;P-003;PRODUCTO CON MARGEN BAJO;8;105,00;100,00
FAC;000036;09/12/2025;C-01;P-004;PRODUCTO POR AGOTARSE;6;160,00;105,00
FAC;000037;09/12/2025;C-02;P-006;PRODUCTO ESTACIONAL DETENIDO;4;210,00;140,00
FAC;000038;10/12/2025;C-03;P-001;PRODUCTO RENTABLE;5;180,00;95,00
FAC;000039;10/12/2025;C-04;P-003;PRODUCTO CON MARGEN BAJO;9;105,00;100,00
FAC;000040;10/12/2025;C-05;P-004;PRODUCTO POR AGOTARSE;7;160,00;105,00
FAC;000041;10/12/2025;C-06;P-006;PRODUCTO ESTACIONAL DETENIDO;4;210,00;140,00
FAC;000042;11/12/2025;C-07;P-001;PRODUCTO RENTABLE;6;180,00;95,00
FAC;000043;11/12/2025;C-08;P-003;PRODUCTO CON MARGEN BAJO;7;105,00;100,00
FAC;000044;11/12/2025;C-09;P-004;PRODUCTO POR AGOTARSE;8;160,00;105,00
FAC;000045;11/12/2025;C-10;P-006;PRODUCTO ESTACIONAL DETENIDO;5;210,00;140,00
FAC;000046;12/12/2025;C-11;P-001;PRODUCTO RENTABLE;8;180,00;95,00
FAC;000047;12/12/2025;C-12;P-003;PRODUCTO CON MARGEN BAJO;9;105,00;100,00
FAC;000048;12/12/2025;C-13;P-004;PRODUCTO POR AGOTARSE;20;160,00;105,00
FAC;000049;12/12/2025;C-14;P-006;PRODUCTO ESTACIONAL DETENIDO;6;210,00;140,00
FAC;000050;13/12/2025;C-15;P-001;PRODUCTO RENTABLE;3;180,00;95,00
FAC;000051;13/12/2025;C-16;P-003;PRODUCTO CON MARGEN BAJO;5;105,00;100,00
FAC;000052;13/12/2025;C-17;P-004;PRODUCTO POR AGOTARSE;18;160,00;105,00
FAC;000053;13/12/2025;C-18;P-006;PRODUCTO ESTACIONAL DETENIDO;2;210,00;140,00
FAC;000054;14/12/2025;C-01;P-001;PRODUCTO RENTABLE;2;180,00;95,00
FAC;000055;14/12/2025;C-02;P-002;PRODUCTO SOBREABASTECIDO;1;250,00;170,00
FAC;000056;14/12/2025;C-03;P-003;PRODUCTO CON MARGEN BAJO;4;105,00;100,00
FAC;000057;14/12/2025;C-04;P-004;PRODUCTO POR AGOTARSE;16;160,00;105,00
FAC;000058;14/12/2025;C-05;P-006;PRODUCTO ESTACIONAL DETENIDO;1;210,00;140,00
FAC;000059;15/12/2025;C-06;P-001;PRODUCTO RENTABLE;4;180,00;95,00
FAC;000060;15/12/2025;C-07;P-002;PRODUCTO SOBREABASTECIDO;2;250,00;170,00
N/C;000061;15/12/2025;C-08;P-003;PRODUCTO CON MARGEN BAJO;8;105,00;100,00
FAC;000062;15/12/2025;C-09;P-004;PRODUCTO POR AGOTARSE;5;160,00;105,00
FAC;000063;15/12/2025;C-10;P-006;PRODUCTO ESTACIONAL DETENIDO;3;210,00;140,00
FAC;000064;16/12/2025;C-11;P-001;PRODUCTO RENTABLE;5;180,00;95,00
FAC;000065;16/12/2025;C-12;P-003;PRODUCTO CON MARGEN BAJO;8;105,00;100,00
FAC;000066;16/12/2025;C-13;P-004;PRODUCTO POR AGOTARSE;6;160,00;105,00
FAC;000067;16/12/2025;C-14;P-006;PRODUCTO ESTACIONAL DETENIDO;4;210,00;140,00
FAC;000068;17/12/2025;C-15;P-001;PRODUCTO RENTABLE;5;180,00;95,00
FAC;000069;17/12/2025;C-16;P-003;PRODUCTO CON MARGEN BAJO;7;105,00;100,00
FAC;000070;17/12/2025;C-17;P-004;PRODUCTO POR AGOTARSE;7;160,00;105,00
FAC;000071;17/12/2025;C-18;P-006;PRODUCTO ESTACIONAL DETENIDO;4;210,00;140,00
FAC;000072;18/12/2025;C-01;P-001;PRODUCTO RENTABLE;6;180,00;95,00
FAC;000073;18/12/2025;C-02;P-003;PRODUCTO CON MARGEN BAJO;7;105,00;100,00
FAC;000074;18/12/2025;C-03;P-004;PRODUCTO POR AGOTARSE;8;160,00;105,00
FAC;000075;18/12/2025;C-04;P-006;PRODUCTO ESTACIONAL DETENIDO;5;210,00;140,00
FAC;000076;19/12/2025;C-05;P-001;PRODUCTO RENTABLE;8;180,00;95,00
FAC;000077;19/12/2025;C-06;P-003;PRODUCTO CON MARGEN BAJO;9;105,00;100,00
FAC;000078;19/12/2025;C-07;P-004;PRODUCTO POR AGOTARSE;10;160,00;105,00
FAC;000079;19/12/2025;C-08;P-006;PRODUCTO ESTACIONAL DETENIDO;6;210,00;140,00
FAC;000080;20/12/2025;C-09;P-001;PRODUCTO RENTABLE;10;180,00;95,00
FAC;000081;20/12/2025;C-10;P-003;PRODUCTO CON MARGEN BAJO;5;105,00;100,00
FAC;000082;20/12/2025;C-11;P-004;PRODUCTO POR AGOTARSE;8;160,00;105,00
FAC;000083;20/12/2025;C-12;P-006;PRODUCTO ESTACIONAL DETENIDO;2;210,00;140,00
FAC;000084;21/12/2025;C-13;P-001;PRODUCTO RENTABLE;2;180,00;95,00
FAC;000085;21/12/2025;C-14;P-003;PRODUCTO CON MARGEN BAJO;4;105,00;100,00
FAC;000086;21/12/2025;C-15;P-004;PRODUCTO POR AGOTARSE;6;160,00;105,00
FAC;000087;21/12/2025;C-16;P-006;PRODUCTO ESTACIONAL DETENIDO;1;210,00;140,00
FAC;000088;22/12/2025;C-17;P-001;PRODUCTO RENTABLE;4;180,00;95,00
FAC;000089;22/12/2025;C-18;P-003;PRODUCTO CON MARGEN BAJO;8;105,00;100,00
FAC;000090;22/12/2025;C-01;P-004;PRODUCTO POR AGOTARSE;5;160,00;105,00
FAC;000091;22/12/2025;C-02;P-006;PRODUCTO ESTACIONAL DETENIDO;3;210,00;140,00
FAC;000092;23/12/2025;C-03;P-001;PRODUCTO RENTABLE;5;180,00;95,00
FAC;000093;23/12/2025;C-04;P-003;PRODUCTO CON MARGEN BAJO;8;105,00;100,00
FAC;000094;23/12/2025;C-05;P-004;PRODUCTO POR AGOTARSE;6;160,00;105,00
FAC;000095;23/12/2025;C-06;P-006;PRODUCTO ESTACIONAL DETENIDO;4;210,00;140,00
FAC;000096;24/12/2025;C-07;P-001;PRODUCTO RENTABLE;5;180,00;95,00
FAC;000097;24/12/2025;C-08;P-003;PRODUCTO CON MARGEN BAJO;7;105,00;100,00
PRE;000098;24/12/2025;C-09;P-004;PRODUCTO POR AGOTARSE;7;160,00;105,00
FAC;000099;24/12/2025;C-10;P-006;PRODUCTO ESTACIONAL DETENIDO;4;210,00;140,00
FAC;000100;25/12/2025;C-11;P-001;PRODUCTO RENTABLE;6;180,00;95,00
FAC;000101;25/12/2025;C-12;P-003;PRODUCTO CON MARGEN BAJO;9;105,00;100,00
FAC;000102;25/12/2025;C-13;P-004;PRODUCTO POR AGOTARSE;8;160,00;105,00
FAC;000103;25/12/2025;C-14;P-006;PRODUCTO ESTACIONAL DETENIDO;5;210,00;140,00
FAC;000104;26/12/2025;C-15;P-001;PRODUCTO RENTABLE;8;180,00;95,00
FAC;000105;26/12/2025;C-16;P-003;PRODUCTO CON MARGEN BAJO;9;105,00;100,00
FAC;000106;26/12/2025;C-17;P-004;PRODUCTO POR AGOTARSE;10;160,00;105,00
FAC;000107;26/12/2025;C-18;P-006;PRODUCTO ESTACIONAL DETENIDO;6;210,00;140,00
FAC;000108;27/12/2025;C-01;P-001;PRODUCTO RENTABLE;3;180,00;95,00
FAC;000109;27/12/2025;C-02;P-002;PRODUCTO SOBREABASTECIDO;1;250,00;170,00
FAC;000110;27/12/2025;C-03;P-003;PRODUCTO CON MARGEN BAJO;5;105,00;100,00
FAC;000111;27/12/2025;C-04;P-004;PRODUCTO POR AGOTARSE;8;160,00;105,00
FAC;000112;27/12/2025;C-05;P-006;PRODUCTO ESTACIONAL DETENIDO;2;210,00;140,00
FAC;000113;28/12/2025;C-06;P-001;PRODUCTO RENTABLE;2;180,00;95,00
FAC;000114;28/12/2025;C-07;P-003;PRODUCTO CON MARGEN BAJO;4;105,00;100,00
FAC;000115;28/12/2025;C-08;P-004;PRODUCTO POR AGOTARSE;6;160,00;105,00
FAC;000116;28/12/2025;C-09;P-006;PRODUCTO ESTACIONAL DETENIDO;1;210,00;140,00
FAC;000117;29/12/2025;C-10;P-001;PRODUCTO RENTABLE;4;180,00;95,00
FAC;000118;29/12/2025;C-11;P-003;PRODUCTO CON MARGEN BAJO;8;105,00;100,00
FAC;000119;29/12/2025;C-12;P-004;PRODUCTO POR AGOTARSE;5;160,00;105,00
FAC;000120;29/12/2025;C-13;P-006;PRODUCTO ESTACIONAL DETENIDO;3;210,00;140,00
N/C;000121;30/12/2025;C-14;P-001;PRODUCTO RENTABLE;5;180,00;95,00
FAC;000122;30/12/2025;C-15;P-003;PRODUCTO CON MARGEN BAJO;8;105,00;100,00
FAC;000123;30/12/2025;C-16;P-004;PRODUCTO POR AGOTARSE;6;160,00;105,00
FAC;000124;30/12/2025;C-17;P-006;PRODUCTO ESTACIONAL DETENIDO;4;210,00;140,00
FAC;000125;31/12/2025;C-18;P-001;PRODUCTO RENTABLE;5;180,00;95,00
FAC;000126;31/12/2025;C-01;P-003;PRODUCTO CON MARGEN BAJO;7;105,00;100,00
FAC;000127;31/12/2025;C-02;P-004;PRODUCTO POR AGOTARSE;7;160,00;105,00
FAC;000128;31/12/2025;C-03;P-006;PRODUCTO ESTACIONAL DETENIDO;4;210,00;140,00
FAC;000129;01/01/2026;C-04;P-001;PRODUCTO RENTABLE;6;180,00;95,00
FAC;000130;01/01/2026;C-05;P-002;PRODUCTO SOBREABASTECIDO;2;250,00;170,00
FAC;000131;01/01/2026;C-06;P-003;PRODUCTO CON MARGEN BAJO;7;105,00;100,00
FAC;000132;01/01/2026;C-07;P-004;PRODUCTO POR AGOTARSE;8;160,00;105,00
FAC;000133;01/01/2026;C-08;P-006;PRODUCTO ESTACIONAL DETENIDO;5;210,00;140,00
FAC;000134;02/01/2026;C-09;P-001;PRODUCTO RENTABLE;8;180,00;95,00
FAC;000135;02/01/2026;C-10;P-003;PRODUCTO CON MARGEN BAJO;9;105,00;100,00
FAC;000136;02/01/2026;C-11;P-004;PRODUCTO POR AGOTARSE;10;160,00;105,00
FAC;000137;02/01/2026;C-12;P-006;PRODUCTO ESTACIONAL DETENIDO;6;210,00;140,00
FAC;000138;03/01/2026;C-13;P-001;PRODUCTO RENTABLE;3;180,00;95,00
FAC;000139;03/01/2026;C-14;P-003;PRODUCTO CON MARGEN BAJO;5;105,00;100,00
FAC;000140;03/01/2026;C-15;P-004;PRODUCTO POR AGOTARSE;8;160,00;105,00
FAC;000141;03/01/2026;C-16;P-006;PRODUCTO ESTACIONAL DETENIDO;2;210,00;140,00
FAC;000142;04/01/2026;C-17;P-001;PRODUCTO RENTABLE;2;180,00;95,00
FAC;000143;04/01/2026;C-18;P-003;PRODUCTO CON MARGEN BAJO;4;105,00;100,00
FAC;000144;04/01/2026;C-01;P-004;PRODUCTO POR AGOTARSE;6;160,00;105,00
FAC;000145;04/01/2026;C-02;P-006;PRODUCTO ESTACIONAL DETENIDO;1;210,00;140,00
FAC;000146;05/01/2026;C-03;P-001;PRODUCTO RENTABLE;11;180,00;95,00
FAC;000147;05/01/2026;C-04;P-003;PRODUCTO CON MARGEN BAJO;8;105,00;100,00
FAC;000148;05/01/2026;C-05;P-004;PRODUCTO POR AGOTARSE;6;160,00;105,00
FAC;000149;05/01/2026;C-06;P-006;PRODUCTO ESTACIONAL DETENIDO;3;210,00;140,00
FAC;000150;06/01/2026;C-07;P-001;PRODUCTO RENTABLE;5;180,00;95,00
FAC;000151;06/01/2026;C-08;P-003;PRODUCTO CON MARGEN BAJO;8;105,00;100,00
FAC;000152;06/01/2026;C-09;P-004;PRODUCTO POR AGOTARSE;7;160,00;105,00
FAC;000153;06/01/2026;C-10;P-006;PRODUCTO ESTACIONAL DETENIDO;4;210,00;140,00
FAC;000154;07/01/2026;C-11;P-001;PRODUCTO RENTABLE;5;180,00;95,00
FAC;000155;07/01/2026;C-12;P-003;PRODUCTO CON MARGEN BAJO;7;105,00;100,00
FAC;000156;07/01/2026;C-13;P-004;PRODUCTO POR AGOTARSE;8;160,00;105,00
FAC;000157;07/01/2026;C-14;P-006;PRODUCTO ESTACIONAL DETENIDO;4;210,00;140,00
FAC;000158;08/01/2026;C-15;P-001;PRODUCTO RENTABLE;6;180,00;95,00
FAC;000159;08/01/2026;C-16;P-003;PRODUCTO CON MARGEN BAJO;7;105,00;100,00
FAC;000160;08/01/2026;C-17;P-004;PRODUCTO POR AGOTARSE;9;160,00;105,00
FAC;000161;08/01/2026;C-18;P-006;PRODUCTO ESTACIONAL DETENIDO;5;210,00;140,00
FAC;000162;09/01/2026;C-01;P-001;PRODUCTO RENTABLE;8;180,00;95,00
FAC;000163;09/01/2026;C-02;P-002;PRODUCTO SOBREABASTECIDO;1;250,00;170,00
FAC;000164;09/01/2026;C-03;P-003;PRODUCTO CON MARGEN BAJO;9;105,00;100,00
FAC;000165;09/01/2026;C-04;P-004;PRODUCTO POR AGOTARSE;11;160,00;105,00
FAC;000166;09/01/2026;C-05;P-006;PRODUCTO ESTACIONAL DETENIDO;6;210,00;140,00
FAC;000167;10/01/2026;C-06;P-001;PRODUCTO RENTABLE;3;180,00;95,00
FAC;000168;10/01/2026;C-07;P-003;PRODUCTO CON MARGEN BAJO;7;105,00;100,00
FAC;000169;10/01/2026;C-08;P-004;PRODUCTO POR AGOTARSE;9;160,00;105,00
FAC;000170;10/01/2026;C-09;P-006;PRODUCTO ESTACIONAL DETENIDO;2;210,00;140,00
FAC;000171;11/01/2026;C-10;P-001;PRODUCTO RENTABLE;2;180,00;95,00
FAC;000172;11/01/2026;C-11;P-003;PRODUCTO CON MARGEN BAJO;4;105,00;100,00
FAC;000173;11/01/2026;C-12;P-004;PRODUCTO POR AGOTARSE;7;160,00;105,00
FAC;000174;11/01/2026;C-13;P-006;PRODUCTO ESTACIONAL DETENIDO;1;210,00;140,00
FAC;000175;12/01/2026;C-14;P-001;PRODUCTO RENTABLE;4;180,00;95,00
FAC;000176;12/01/2026;C-15;P-003;PRODUCTO CON MARGEN BAJO;8;105,00;100,00
FAC;000177;12/01/2026;C-16;P-004;PRODUCTO POR AGOTARSE;16;160,00;105,00
FAC;000178;12/01/2026;C-17;P-006;PRODUCTO ESTACIONAL DETENIDO;3;210,00;140,00
FAC;000179;13/01/2026;C-18;P-001;PRODUCTO RENTABLE;5;180,00;95,00
FAC;000180;13/01/2026;C-01;P-003;PRODUCTO CON MARGEN BAJO;8;105,00;100,00
N/C;000181;13/01/2026;C-02;P-004;PRODUCTO POR AGOTARSE;17;160,00;105,00
FAC;000182;13/01/2026;C-03;P-006;PRODUCTO ESTACIONAL DETENIDO;4;210,00;140,00
FAC;000183;14/01/2026;C-04;P-001;PRODUCTO RENTABLE;5;180,00;95,00
FAC;000184;14/01/2026;C-05;P-003;PRODUCTO CON MARGEN BAJO;7;105,00;100,00
FAC;000185;14/01/2026;C-06;P-004;PRODUCTO POR AGOTARSE;18;160,00;105,00
FAC;000186;14/01/2026;C-07;P-006;PRODUCTO ESTACIONAL DETENIDO;4;210,00;140,00
FAC;000187;15/01/2026;C-08;P-001;PRODUCTO RENTABLE;6;180,00;95,00
FAC;000188;15/01/2026;C-09;P-002;PRODUCTO SOBREABASTECIDO;2;250,00;170,00
FAC;000189;15/01/2026;C-10;P-003;PRODUCTO CON MARGEN BAJO;7;105,00;100,00
FAC;000190;15/01/2026;C-11;P-004;PRODUCTO POR AGOTARSE;9;160,00;105,00
FAC;000191;15/01/2026;C-12;P-006;PRODUCTO ESTACIONAL DETENIDO;5;210,00;140,00
FAC;000192;16/01/2026;C-13;P-001;PRODUCTO RENTABLE;8;180,00;95,00
FAC;000193;16/01/2026;C-14;P-003;PRODUCTO CON MARGEN BAJO;9;105,00;100,00
FAC;000194;16/01/2026;C-15;P-004;PRODUCTO POR AGOTARSE;11;160,00;105,00
PRE;000195;16/01/2026;C-16;P-006;PRODUCTO ESTACIONAL DETENIDO;6;210,00;140,00
FAC;000196;17/01/2026;C-17;P-001;PRODUCTO RENTABLE;3;180,00;95,00
FAC;000197;17/01/2026;C-18;P-003;PRODUCTO CON MARGEN BAJO;5;105,00;100,00
FAC;000198;17/01/2026;C-01;P-004;PRODUCTO POR AGOTARSE;9;160,00;105,00
FAC;000199;17/01/2026;C-02;P-006;PRODUCTO ESTACIONAL DETENIDO;2;210,00;140,00
FAC;000200;18/01/2026;C-03;P-001;PRODUCTO RENTABLE;2;180,00;95,00
FAC;000201;18/01/2026;C-04;P-003;PRODUCTO CON MARGEN BAJO;4;105,00;100,00
FAC;000202;18/01/2026;C-05;P-004;PRODUCTO POR AGOTARSE;7;160,00;105,00
FAC;000203;18/01/2026;C-06;P-006;PRODUCTO ESTACIONAL DETENIDO;1;210,00;140,00
FAC;000204;19/01/2026;C-07;P-001;PRODUCTO RENTABLE;4;180,00;95,00
FAC;000205;19/01/2026;C-08;P-003;PRODUCTO CON MARGEN BAJO;8;105,00;100,00
FAC;000206;19/01/2026;C-09;P-004;PRODUCTO POR AGOTARSE;6;160,00;105,00
FAC;000207;19/01/2026;C-10;P-006;PRODUCTO ESTACIONAL DETENIDO;3;210,00;140,00
FAC;000208;20/01/2026;C-11;P-001;PRODUCTO RENTABLE;12;180,00;95,00
FAC;000209;20/01/2026;C-12;P-003;PRODUCTO CON MARGEN BAJO;8;105,00;100,00
FAC;000210;20/01/2026;C-13;P-004;PRODUCTO POR AGOTARSE;7;160,00;105,00
FAC;000211;20/01/2026;C-14;P-006;PRODUCTO ESTACIONAL DETENIDO;4;210,00;140,00
FAC;000212;21/01/2026;C-15;P-001;PRODUCTO RENTABLE;5;180,00;95,00
FAC;000213;21/01/2026;C-16;P-003;PRODUCTO CON MARGEN BAJO;7;105,00;100,00
FAC;000214;21/01/2026;C-17;P-004;PRODUCTO POR AGOTARSE;8;160,00;105,00
FAC;000215;21/01/2026;C-18;P-006;PRODUCTO ESTACIONAL DETENIDO;4;210,00;140,00
FAC;000216;22/01/2026;C-01;P-001;PRODUCTO RENTABLE;6;180,00;95,00
FAC;000217;22/01/2026;C-02;P-002;PRODUCTO SOBREABASTECIDO;1;250,00;170,00
FAC;000218;22/01/2026;C-03;P-003;PRODUCTO CON MARGEN BAJO;7;105,00;100,00
FAC;000219;22/01/2026;C-04;P-004;PRODUCTO POR AGOTARSE;9;160,00;105,00
FAC;000220;22/01/2026;C-05;P-006;PRODUCTO ESTACIONAL DETENIDO;5;210,00;140,00
FAC;000221;23/01/2026;C-06;P-001;PRODUCTO RENTABLE;8;180,00;95,00
FAC;000222;23/01/2026;C-07;P-003;PRODUCTO CON MARGEN BAJO;9;105,00;100,00
FAC;000223;23/01/2026;C-08;P-004;PRODUCTO POR AGOTARSE;11;160,00;105,00
FAC;000224;23/01/2026;C-09;P-006;PRODUCTO ESTACIONAL DETENIDO;6;210,00;140,00
FAC;000225;24/01/2026;C-10;P-001;PRODUCTO RENTABLE;3;180,00;95,00
FAC;000226;24/01/2026;C-11;P-003;PRODUCTO CON MARGEN BAJO;5;105,00;100,00
FAC;000227;24/01/2026;C-12;P-004;PRODUCTO POR AGOTARSE;9;160,00;105,00
FAC;000228;24/01/2026;C-13;P-006;PRODUCTO ESTACIONAL DETENIDO;2;210,00;140,00
FAC;000229;25/01/2026;C-14;P-001;PRODUCTO RENTABLE;2;180,00;95,00
FAC;000230;25/01/2026;C-15;P-003;PRODUCTO CON MARGEN BAJO;6;105,00;100,00
FAC;000231;25/01/2026;C-16;P-004;PRODUCTO POR AGOTARSE;7;160,00;105,00
FAC;000232;25/01/2026;C-17;P-006;PRODUCTO ESTACIONAL DETENIDO;1;210,00;140,00
FAC;000233;26/01/2026;C-18;P-001;PRODUCTO RENTABLE;4;180,00;95,00
FAC;000234;26/01/2026;C-01;P-003;PRODUCTO CON MARGEN BAJO;8;105,00;100,00
FAC;000235;26/01/2026;C-02;P-004;PRODUCTO POR AGOTARSE;6;160,00;105,00
FAC;000236;26/01/2026;C-03;P-006;PRODUCTO ESTACIONAL DETENIDO;3;210,00;140,00
FAC;000237;27/01/2026;C-04;P-001;PRODUCTO RENTABLE;5;180,00;95,00
FAC;000238;27/01/2026;C-05;P-003;PRODUCTO CON MARGEN BAJO;8;105,00;100,00
FAC;000239;27/01/2026;C-06;P-004;PRODUCTO POR AGOTARSE;7;160,00;105,00
FAC;000240;27/01/2026;C-07;P-006;PRODUCTO ESTACIONAL DETENIDO;4;210,00;140,00
N/C;000241;28/01/2026;C-08;P-001;PRODUCTO RENTABLE;5;180,00;95,00
FAC;000242;28/01/2026;C-09;P-003;PRODUCTO CON MARGEN BAJO;7;105,00;100,00
FAC;000243;28/01/2026;C-10;P-004;PRODUCTO POR AGOTARSE;8;160,00;105,00
FAC;000244;28/01/2026;C-11;P-006;PRODUCTO ESTACIONAL DETENIDO;4;210,00;140,00
FAC;000245;29/01/2026;C-12;P-001;PRODUCTO RENTABLE;6;180,00;95,00
FAC;000246;29/01/2026;C-13;P-003;PRODUCTO CON MARGEN BAJO;7;105,00;100,00
FAC;000247;29/01/2026;C-14;P-004;PRODUCTO POR AGOTARSE;9;160,00;105,00
FAC;000248;29/01/2026;C-15;P-006;PRODUCTO ESTACIONAL DETENIDO;5;210,00;140,00
FAC;000249;30/01/2026;C-16;P-001;PRODUCTO RENTABLE;8;180,00;95,00
FAC;000250;30/01/2026;C-17;P-003;PRODUCTO CON MARGEN BAJO;9;105,00;100,00
FAC;000251;30/01/2026;C-18;P-004;PRODUCTO POR AGOTARSE;11;160,00;105,00
FAC;000252;30/01/2026;C-01;P-006;PRODUCTO ESTACIONAL DETENIDO;6;210,00;140,00
FAC;000253;31/01/2026;C-02;P-001;PRODUCTO RENTABLE;3;180,00;95,00
FAC;000254;31/01/2026;C-03;P-003;PRODUCTO CON MARGEN BAJO;5;105,00;100,00
FAC;000255;31/01/2026;C-04;P-004;PRODUCTO POR AGOTARSE;9;160,00;105,00
FAC;000256;31/01/2026;C-05;P-006;PRODUCTO ESTACIONAL DETENIDO;2;210,00;140,00
FAC;000257;01/02/2026;C-06;P-001;PRODUCTO RENTABLE;2;180,00;95,00
FAC;000258;01/02/2026;C-07;P-002;PRODUCTO SOBREABASTECIDO;2;250,00;170,00
FAC;000259;01/02/2026;C-08;P-003;PRODUCTO CON MARGEN BAJO;4;105,00;100,00
FAC;000260;01/02/2026;C-09;P-004;PRODUCTO POR AGOTARSE;7;160,00;105,00
FAC;000261;01/02/2026;C-10;P-006;PRODUCTO ESTACIONAL DETENIDO;1;210,00;140,00
FAC;000262;02/02/2026;C-11;P-001;PRODUCTO RENTABLE;4;180,00;95,00
FAC;000263;02/02/2026;C-12;P-003;PRODUCTO CON MARGEN BAJO;8;105,00;100,00
FAC;000264;02/02/2026;C-13;P-004;PRODUCTO POR AGOTARSE;6;160,00;105,00
FAC;000265;02/02/2026;C-14;P-006;PRODUCTO ESTACIONAL DETENIDO;3;210,00;140,00
FAC;000266;03/02/2026;C-15;P-001;PRODUCTO RENTABLE;5;180,00;95,00
FAC;000267;03/02/2026;C-16;P-003;PRODUCTO CON MARGEN BAJO;8;105,00;100,00
FAC;000268;03/02/2026;C-17;P-004;PRODUCTO POR AGOTARSE;7;160,00;105,00
FAC;000269;03/02/2026;C-18;P-006;PRODUCTO ESTACIONAL DETENIDO;4;210,00;140,00
FAC;000270;04/02/2026;C-01;P-001;PRODUCTO RENTABLE;5;180,00;95,00
FAC;000271;04/02/2026;C-02;P-002;PRODUCTO SOBREABASTECIDO;1;250,00;170,00
FAC;000272;04/02/2026;C-03;P-003;PRODUCTO CON MARGEN BAJO;7;105,00;100,00
FAC;000273;04/02/2026;C-04;P-004;PRODUCTO POR AGOTARSE;8;160,00;105,00
FAC;000274;04/02/2026;C-05;P-006;PRODUCTO ESTACIONAL DETENIDO;4;210,00;140,00
FAC;000275;05/02/2026;C-06;P-001;PRODUCTO RENTABLE;13;180,00;95,00
FAC;000276;05/02/2026;C-07;P-003;PRODUCTO CON MARGEN BAJO;7;105,00;100,00
FAC;000277;05/02/2026;C-08;P-004;PRODUCTO POR AGOTARSE;9;160,00;105,00
FAC;000278;05/02/2026;C-09;P-006;PRODUCTO ESTACIONAL DETENIDO;5;210,00;140,00
FAC;000279;06/02/2026;C-10;P-001;PRODUCTO RENTABLE;8;180,00;95,00
FAC;000280;06/02/2026;C-11;P-003;PRODUCTO CON MARGEN BAJO;9;105,00;100,00
FAC;000281;06/02/2026;C-12;P-004;PRODUCTO POR AGOTARSE;11;160,00;105,00
FAC;000282;06/02/2026;C-13;P-006;PRODUCTO ESTACIONAL DETENIDO;6;210,00;140,00
FAC;000283;07/02/2026;C-14;P-001;PRODUCTO RENTABLE;3;180,00;95,00
FAC;000284;07/02/2026;C-15;P-003;PRODUCTO CON MARGEN BAJO;5;105,00;100,00
FAC;000285;07/02/2026;C-16;P-004;PRODUCTO POR AGOTARSE;9;160,00;105,00
FAC;000286;07/02/2026;C-17;P-006;PRODUCTO ESTACIONAL DETENIDO;2;210,00;140,00
FAC;000287;08/02/2026;C-18;P-001;PRODUCTO RENTABLE;2;180,00;95,00
FAC;000288;08/02/2026;C-01;P-003;PRODUCTO CON MARGEN BAJO;4;105,00;100,00
FAC;000289;08/02/2026;C-02;P-004;PRODUCTO POR AGOTARSE;7;160,00;105,00
FAC;000290;08/02/2026;C-03;P-006;PRODUCTO ESTACIONAL DETENIDO;1;210,00;140,00
FAC;000291;09/02/2026;C-04;P-001;PRODUCTO RENTABLE;5;180,00;95,00
PRE;000292;09/02/2026;C-05;P-003;PRODUCTO CON MARGEN BAJO;8;105,00;100,00
FAC;000293;09/02/2026;C-06;P-004;PRODUCTO POR AGOTARSE;7;160,00;105,00
FAC;000294;09/02/2026;C-07;P-006;PRODUCTO ESTACIONAL DETENIDO;3;210,00;140,00
FAC;000295;10/02/2026;C-08;P-001;PRODUCTO RENTABLE;6;180,00;95,00
FAC;000296;10/02/2026;C-09;P-003;PRODUCTO CON MARGEN BAJO;10;105,00;100,00
FAC;000297;10/02/2026;C-10;P-004;PRODUCTO POR AGOTARSE;8;160,00;105,00
FAC;000298;10/02/2026;C-11;P-006;PRODUCTO ESTACIONAL DETENIDO;4;210,00;140,00
FAC;000299;11/02/2026;C-12;P-001;PRODUCTO RENTABLE;6;180,00;95,00
FAC;000300;11/02/2026;C-13;P-003;PRODUCTO CON MARGEN BAJO;7;105,00;100,00
N/C;000301;11/02/2026;C-14;P-004;PRODUCTO POR AGOTARSE;9;160,00;105,00
FAC;000302;11/02/2026;C-15;P-006;PRODUCTO ESTACIONAL DETENIDO;4;210,00;140,00
FAC;000303;12/02/2026;C-16;P-001;PRODUCTO RENTABLE;7;180,00;95,00
FAC;000304;12/02/2026;C-17;P-003;PRODUCTO CON MARGEN BAJO;7;105,00;100,00
FAC;000305;12/02/2026;C-18;P-004;PRODUCTO POR AGOTARSE;20;160,00;105,00
FAC;000306;12/02/2026;C-01;P-006;PRODUCTO ESTACIONAL DETENIDO;5;210,00;140,00
FAC;000307;13/02/2026;C-02;P-001;PRODUCTO RENTABLE;9;180,00;95,00
FAC;000308;13/02/2026;C-03;P-003;PRODUCTO CON MARGEN BAJO;9;105,00;100,00
FAC;000309;13/02/2026;C-04;P-004;PRODUCTO POR AGOTARSE;22;160,00;105,00
FAC;000310;13/02/2026;C-05;P-006;PRODUCTO ESTACIONAL DETENIDO;6;210,00;140,00
FAC;000311;14/02/2026;C-06;P-001;PRODUCTO RENTABLE;4;180,00;95,00
FAC;000312;14/02/2026;C-07;P-003;PRODUCTO CON MARGEN BAJO;5;105,00;100,00
FAC;000313;14/02/2026;C-08;P-004;PRODUCTO POR AGOTARSE;20;160,00;105,00
FAC;000314;14/02/2026;C-09;P-006;PRODUCTO ESTACIONAL DETENIDO;2;210,00;140,00
FAC;000315;15/02/2026;C-10;P-001;PRODUCTO RENTABLE;3;180,00;95,00
FAC;000316;15/02/2026;C-11;P-002;PRODUCTO SOBREABASTECIDO;2;250,00;170,00
FAC;000317;15/02/2026;C-12;P-003;PRODUCTO CON MARGEN BAJO;4;105,00;100,00
FAC;000318;15/02/2026;C-13;P-004;PRODUCTO POR AGOTARSE;8;160,00;105,00
FAC;000319;15/02/2026;C-14;P-006;PRODUCTO ESTACIONAL DETENIDO;1;210,00;140,00
FAC;000320;16/02/2026;C-15;P-001;PRODUCTO RENTABLE;5;180,00;95,00
FAC;000321;16/02/2026;C-16;P-003;PRODUCTO CON MARGEN BAJO;8;105,00;100,00
FAC;000322;16/02/2026;C-17;P-004;PRODUCTO POR AGOTARSE;7;160,00;105,00
FAC;000323;16/02/2026;C-18;P-006;PRODUCTO ESTACIONAL DETENIDO;3;210,00;140,00
FAC;000324;17/02/2026;C-01;P-001;PRODUCTO RENTABLE;6;180,00;95,00
FAC;000325;17/02/2026;C-02;P-002;PRODUCTO SOBREABASTECIDO;1;250,00;170,00
FAC;000326;17/02/2026;C-03;P-003;PRODUCTO CON MARGEN BAJO;8;105,00;100,00
FAC;000327;17/02/2026;C-04;P-004;PRODUCTO POR AGOTARSE;8;160,00;105,00
FAC;000328;17/02/2026;C-05;P-006;PRODUCTO ESTACIONAL DETENIDO;4;210,00;140,00
FAC;000329;18/02/2026;C-06;P-001;PRODUCTO RENTABLE;6;180,00;95,00
FAC;000330;18/02/2026;C-07;P-003;PRODUCTO CON MARGEN BAJO;7;105,00;100,00
FAC;000331;18/02/2026;C-08;P-004;PRODUCTO POR AGOTARSE;9;160,00;105,00
FAC;000332;18/02/2026;C-09;P-006;PRODUCTO ESTACIONAL DETENIDO;4;210,00;140,00
FAC;000333;19/02/2026;C-10;P-001;PRODUCTO RENTABLE;7;180,00;95,00
FAC;000334;19/02/2026;C-11;P-003;PRODUCTO CON MARGEN BAJO;7;105,00;100,00
FAC;000335;19/02/2026;C-12;P-004;PRODUCTO POR AGOTARSE;10;160,00;105,00
FAC;000336;19/02/2026;C-13;P-006;PRODUCTO ESTACIONAL DETENIDO;5;210,00;140,00
FAC;000337;20/02/2026;C-14;P-001;PRODUCTO RENTABLE;16;180,00;95,00
FAC;000338;20/02/2026;C-15;P-003;PRODUCTO CON MARGEN BAJO;9;105,00;100,00
FAC;000339;20/02/2026;C-16;P-004;PRODUCTO POR AGOTARSE;12;160,00;105,00
FAC;000340;20/02/2026;C-17;P-006;PRODUCTO ESTACIONAL DETENIDO;6;210,00;140,00
FAC;000341;21/02/2026;C-18;P-001;PRODUCTO RENTABLE;4;180,00;95,00
FAC;000342;21/02/2026;C-01;P-003;PRODUCTO CON MARGEN BAJO;5;105,00;100,00
FAC;000343;21/02/2026;C-02;P-004;PRODUCTO POR AGOTARSE;10;160,00;105,00
FAC;000344;21/02/2026;C-03;P-006;PRODUCTO ESTACIONAL DETENIDO;2;210,00;140,00
FAC;000345;22/02/2026;C-04;P-001;PRODUCTO RENTABLE;3;180,00;95,00
FAC;000346;22/02/2026;C-05;P-003;PRODUCTO CON MARGEN BAJO;4;105,00;100,00
FAC;000347;22/02/2026;C-06;P-004;PRODUCTO POR AGOTARSE;8;160,00;105,00
FAC;000348;22/02/2026;C-07;P-006;PRODUCTO ESTACIONAL DETENIDO;1;210,00;140,00
FAC;000349;23/02/2026;C-08;P-001;PRODUCTO RENTABLE;5;180,00;95,00
FAC;000350;23/02/2026;C-09;P-003;PRODUCTO CON MARGEN BAJO;8;105,00;100,00
FAC;000351;23/02/2026;C-10;P-004;PRODUCTO POR AGOTARSE;7;160,00;105,00
FAC;000352;23/02/2026;C-11;P-006;PRODUCTO ESTACIONAL DETENIDO;3;210,00;140,00
FAC;000353;24/02/2026;C-12;P-001;PRODUCTO RENTABLE;6;180,00;95,00
FAC;000354;24/02/2026;C-13;P-003;PRODUCTO CON MARGEN BAJO;8;105,00;100,00
FAC;000355;24/02/2026;C-14;P-004;PRODUCTO POR AGOTARSE;8;160,00;105,00
FAC;000356;24/02/2026;C-15;P-006;PRODUCTO ESTACIONAL DETENIDO;4;210,00;140,00
FAC;000357;25/02/2026;C-16;P-001;PRODUCTO RENTABLE;6;180,00;95,00
FAC;000358;25/02/2026;C-17;P-003;PRODUCTO CON MARGEN BAJO;9;105,00;100,00
FAC;000359;25/02/2026;C-18;P-004;PRODUCTO POR AGOTARSE;9;160,00;105,00
FAC;000360;25/02/2026;C-01;P-006;PRODUCTO ESTACIONAL DETENIDO;4;210,00;140,00
N/C;000361;26/02/2026;C-02;P-001;PRODUCTO RENTABLE;7;180,00;95,00
FAC;000362;26/02/2026;C-03;P-003;PRODUCTO CON MARGEN BAJO;7;105,00;100,00
FAC;000363;26/02/2026;C-04;P-004;PRODUCTO POR AGOTARSE;10;160,00;105,00
FAC;000364;26/02/2026;C-05;P-006;PRODUCTO ESTACIONAL DETENIDO;5;210,00;140,00
FAC;000365;27/02/2026;C-06;P-001;PRODUCTO RENTABLE;9;180,00;95,00
FAC;000366;27/02/2026;C-07;P-003;PRODUCTO CON MARGEN BAJO;9;105,00;100,00
FAC;000367;27/02/2026;C-08;P-004;PRODUCTO POR AGOTARSE;12;160,00;105,00
FAC;000368;27/02/2026;C-09;P-006;PRODUCTO ESTACIONAL DETENIDO;6;210,00;140,00
FAC;000369;28/02/2026;C-10;P-001;PRODUCTO RENTABLE;4;180,00;95,00
FAC;000370;28/02/2026;C-11;P-003;PRODUCTO CON MARGEN BAJO;5;105,00;100,00
FAC;000371;28/02/2026;C-12;P-004;PRODUCTO POR AGOTARSE;10;160,00;105,00
FAC;000372;28/02/2026;C-13;P-006;PRODUCTO ESTACIONAL DETENIDO;2;210,00;140,00
FAC;000373;01/03/2026;C-14;P-001;PRODUCTO RENTABLE;3;180,00;95,00
FAC;000374;01/03/2026;C-15;P-002;PRODUCTO SOBREABASTECIDO;2;250,00;170,00
FAC;000375;01/03/2026;C-16;P-003;PRODUCTO CON MARGEN BAJO;4;105,00;100,00
FAC;000376;01/03/2026;C-17;P-004;PRODUCTO POR AGOTARSE;8;160,00;105,00
FAC;000377;01/03/2026;C-18;P-006;PRODUCTO ESTACIONAL DETENIDO;1;210,00;140,00
FAC;000378;02/03/2026;C-01;P-001;PRODUCTO RENTABLE;5;180,00;95,00
FAC;000379;02/03/2026;C-02;P-002;PRODUCTO SOBREABASTECIDO;1;250,00;170,00
FAC;000380;02/03/2026;C-03;P-003;PRODUCTO CON MARGEN BAJO;8;105,00;100,00
FAC;000381;02/03/2026;C-04;P-004;PRODUCTO POR AGOTARSE;7;160,00;105,00
FAC;000382;02/03/2026;C-05;P-006;PRODUCTO ESTACIONAL DETENIDO;3;210,00;140,00
FAC;000383;03/03/2026;C-06;P-001;PRODUCTO RENTABLE;6;180,00;95,00
FAC;000384;03/03/2026;C-07;P-003;PRODUCTO CON MARGEN BAJO;8;105,00;100,00
FAC;000385;03/03/2026;C-08;P-004;PRODUCTO POR AGOTARSE;8;160,00;105,00
FAC;000386;03/03/2026;C-09;P-006;PRODUCTO ESTACIONAL DETENIDO;4;210,00;140,00
FAC;000387;04/03/2026;C-10;P-001;PRODUCTO RENTABLE;6;180,00;95,00
FAC;000388;04/03/2026;C-11;P-003;PRODUCTO CON MARGEN BAJO;7;105,00;100,00
PRE;000389;04/03/2026;C-12;P-004;PRODUCTO POR AGOTARSE;9;160,00;105,00
FAC;000390;05/03/2026;C-13;P-001;PRODUCTO RENTABLE;14;180,00;95,00
FAC;000391;05/03/2026;C-14;P-003;PRODUCTO CON MARGEN BAJO;7;105,00;100,00
FAC;000392;05/03/2026;C-15;P-004;PRODUCTO POR AGOTARSE;10;160,00;105,00
FAC;000393;06/03/2026;C-16;P-001;PRODUCTO RENTABLE;9;180,00;95,00
FAC;000394;06/03/2026;C-17;P-003;PRODUCTO CON MARGEN BAJO;9;105,00;100,00
FAC;000395;06/03/2026;C-18;P-004;PRODUCTO POR AGOTARSE;12;160,00;105,00
FAC;000396;07/03/2026;C-01;P-001;PRODUCTO RENTABLE;4;180,00;95,00
FAC;000397;07/03/2026;C-02;P-003;PRODUCTO CON MARGEN BAJO;5;105,00;100,00
FAC;000398;07/03/2026;C-03;P-004;PRODUCTO POR AGOTARSE;10;160,00;105,00
FAC;000399;08/03/2026;C-04;P-001;PRODUCTO RENTABLE;3;180,00;95,00
FAC;000400;08/03/2026;C-05;P-003;PRODUCTO CON MARGEN BAJO;4;105,00;100,00
FAC;000401;08/03/2026;C-06;P-004;PRODUCTO POR AGOTARSE;8;160,00;105,00
FAC;000402;09/03/2026;C-07;P-001;PRODUCTO RENTABLE;5;180,00;95,00
FAC;000403;09/03/2026;C-08;P-003;PRODUCTO CON MARGEN BAJO;8;105,00;100,00
FAC;000404;09/03/2026;C-09;P-004;PRODUCTO POR AGOTARSE;7;160,00;105,00
FAC;000405;10/03/2026;C-10;P-001;PRODUCTO RENTABLE;6;180,00;95,00
FAC;000406;10/03/2026;C-11;P-003;PRODUCTO CON MARGEN BAJO;10;105,00;100,00
FAC;000407;10/03/2026;C-12;P-004;PRODUCTO POR AGOTARSE;8;160,00;105,00
FAC;000408;11/03/2026;C-13;P-001;PRODUCTO RENTABLE;6;180,00;95,00
FAC;000409;11/03/2026;C-14;P-003;PRODUCTO CON MARGEN BAJO;7;105,00;100,00
FAC;000410;11/03/2026;C-15;P-004;PRODUCTO POR AGOTARSE;9;160,00;105,00
FAC;000411;12/03/2026;C-16;P-001;PRODUCTO RENTABLE;7;180,00;95,00
FAC;000412;12/03/2026;C-17;P-003;PRODUCTO CON MARGEN BAJO;7;105,00;100,00
FAC;000413;12/03/2026;C-18;P-004;PRODUCTO POR AGOTARSE;20;160,00;105,00
FAC;000414;13/03/2026;C-01;P-001;PRODUCTO RENTABLE;9;180,00;95,00
FAC;000415;13/03/2026;C-02;P-003;PRODUCTO CON MARGEN BAJO;9;105,00;100,00
FAC;000416;13/03/2026;C-03;P-004;PRODUCTO POR AGOTARSE;22;160,00;105,00
FAC;000417;14/03/2026;C-04;P-001;PRODUCTO RENTABLE;4;180,00;95,00
FAC;000418;14/03/2026;C-05;P-003;PRODUCTO CON MARGEN BAJO;5;105,00;100,00
FAC;000419;14/03/2026;C-06;P-004;PRODUCTO POR AGOTARSE;20;160,00;105,00
FAC;000420;15/03/2026;C-07;P-001;PRODUCTO RENTABLE;3;180,00;95,00
N/C;000421;15/03/2026;C-08;P-002;PRODUCTO SOBREABASTECIDO;2;250,00;170,00
FAC;000422;15/03/2026;C-09;P-003;PRODUCTO CON MARGEN BAJO;4;105,00;100,00
FAC;000423;15/03/2026;C-10;P-004;PRODUCTO POR AGOTARSE;8;160,00;105,00
FAC;000424;16/03/2026;C-11;P-001;PRODUCTO RENTABLE;5;180,00;95,00
FAC;000425;16/03/2026;C-12;P-003;PRODUCTO CON MARGEN BAJO;8;105,00;100,00
FAC;000426;16/03/2026;C-13;P-004;PRODUCTO POR AGOTARSE;8;160,00;105,00
FAC;000427;17/03/2026;C-14;P-001;PRODUCTO RENTABLE;6;180,00;95,00
FAC;000428;17/03/2026;C-15;P-003;PRODUCTO CON MARGEN BAJO;8;105,00;100,00
FAC;000429;17/03/2026;C-16;P-004;PRODUCTO POR AGOTARSE;9;160,00;105,00
FAC;000430;18/03/2026;C-17;P-001;PRODUCTO RENTABLE;6;180,00;95,00
FAC;000431;18/03/2026;C-18;P-003;PRODUCTO CON MARGEN BAJO;7;105,00;100,00
FAC;000432;18/03/2026;C-01;P-004;PRODUCTO POR AGOTARSE;10;160,00;105,00
FAC;000433;19/03/2026;C-02;P-001;PRODUCTO RENTABLE;7;180,00;95,00
FAC;000434;19/03/2026;C-03;P-003;PRODUCTO CON MARGEN BAJO;7;105,00;100,00
FAC;000435;19/03/2026;C-04;P-004;PRODUCTO POR AGOTARSE;11;160,00;105,00
FAC;000436;20/03/2026;C-05;P-001;PRODUCTO RENTABLE;16;180,00;95,00
FAC;000437;20/03/2026;C-06;P-003;PRODUCTO CON MARGEN BAJO;9;105,00;100,00
FAC;000438;20/03/2026;C-07;P-004;PRODUCTO POR AGOTARSE;13;160,00;105,00
FAC;000439;21/03/2026;C-08;P-001;PRODUCTO RENTABLE;4;180,00;95,00
FAC;000440;21/03/2026;C-09;P-003;PRODUCTO CON MARGEN BAJO;5;105,00;100,00
FAC;000441;21/03/2026;C-10;P-004;PRODUCTO POR AGOTARSE;11;160,00;105,00
FAC;000442;22/03/2026;C-11;P-001;PRODUCTO RENTABLE;3;180,00;95,00
FAC;000443;22/03/2026;C-12;P-003;PRODUCTO CON MARGEN BAJO;4;105,00;100,00
FAC;000444;22/03/2026;C-13;P-004;PRODUCTO POR AGOTARSE;9;160,00;105,00
FAC;000445;23/03/2026;C-14;P-001;PRODUCTO RENTABLE;5;180,00;95,00
FAC;000446;23/03/2026;C-15;P-003;PRODUCTO CON MARGEN BAJO;8;105,00;100,00
FAC;000447;23/03/2026;C-16;P-004;PRODUCTO POR AGOTARSE;8;160,00;105,00
FAC;000448;24/03/2026;C-17;P-001;PRODUCTO RENTABLE;6;180,00;95,00
FAC;000449;24/03/2026;C-18;P-003;PRODUCTO CON MARGEN BAJO;8;105,00;100,00
FAC;000450;24/03/2026;C-01;P-004;PRODUCTO POR AGOTARSE;9;160,00;105,00
FAC;000451;25/03/2026;C-02;P-001;PRODUCTO RENTABLE;6;180,00;95,00
FAC;000452;25/03/2026;C-03;P-003;PRODUCTO CON MARGEN BAJO;9;105,00;100,00
FAC;000453;25/03/2026;C-04;P-004;PRODUCTO POR AGOTARSE;10;160,00;105,00
FAC;000454;26/03/2026;C-05;P-001;PRODUCTO RENTABLE;7;180,00;95,00
FAC;000455;26/03/2026;C-06;P-003;PRODUCTO CON MARGEN BAJO;7;105,00;100,00
FAC;000456;26/03/2026;C-07;P-004;PRODUCTO POR AGOTARSE;11;160,00;105,00
FAC;000457;27/03/2026;C-08;P-001;PRODUCTO RENTABLE;9;180,00;95,00
FAC;000458;27/03/2026;C-09;P-003;PRODUCTO CON MARGEN BAJO;9;105,00;100,00
FAC;000459;27/03/2026;C-10;P-004;PRODUCTO POR AGOTARSE;13;160,00;105,00
FAC;000460;28/03/2026;C-11;P-001;PRODUCTO RENTABLE;4;180,00;95,00
FAC;000461;28/03/2026;C-12;P-002;PRODUCTO SOBREABASTECIDO;1;250,00;170,00
FAC;000462;28/03/2026;C-13;P-003;PRODUCTO CON MARGEN BAJO;5;105,00;100,00
FAC;000463;28/03/2026;C-14;P-004;PRODUCTO POR AGOTARSE;11;160,00;105,00
FAC;000464;29/03/2026;C-15;P-001;PRODUCTO RENTABLE;3;180,00;95,00
FAC;000465;29/03/2026;C-16;P-003;PRODUCTO CON MARGEN BAJO;4;105,00;100,00
FAC;000466;29/03/2026;C-17;P-004;PRODUCTO POR AGOTARSE;9;160,00;105,00
FAC;000467;30/03/2026;C-18;P-001;PRODUCTO RENTABLE;5;180,00;95,00
FAC;000468;30/03/2026;C-01;P-003;PRODUCTO CON MARGEN BAJO;8;105,00;100,00
FAC;000469;30/03/2026;C-02;P-004;PRODUCTO POR AGOTARSE;8;160,00;105,00
FAC;000470;31/03/2026;C-03;P-001;PRODUCTO RENTABLE;6;180,00;95,00
FAC;000471;31/03/2026;C-04;P-003;PRODUCTO CON MARGEN BAJO;8;105,00;100,00
FAC;000472;31/03/2026;C-05;P-004;PRODUCTO POR AGOTARSE;9;160,00;105,00
FAC;000473;01/04/2026;C-06;P-001;PRODUCTO RENTABLE;6;180,00;95,00
FAC;000474;01/04/2026;C-07;P-002;PRODUCTO SOBREABASTECIDO;2;250,00;170,00
FAC;000475;01/04/2026;C-08;P-003;PRODUCTO CON MARGEN BAJO;7;105,00;100,00
FAC;000476;01/04/2026;C-09;P-004;PRODUCTO POR AGOTARSE;10;160,00;105,00
FAC;000477;02/04/2026;C-10;P-001;PRODUCTO RENTABLE;7;180,00;95,00
FAC;000478;02/04/2026;C-11;P-003;PRODUCTO CON MARGEN BAJO;7;105,00;100,00
FAC;000479;02/04/2026;C-12;P-004;PRODUCTO POR AGOTARSE;11;160,00;105,00
FAC;000480;03/04/2026;C-13;P-001;PRODUCTO RENTABLE;9;180,00;95,00
N/C;000481;03/04/2026;C-14;P-003;PRODUCTO CON MARGEN BAJO;9;105,00;100,00
FAC;000482;03/04/2026;C-15;P-004;PRODUCTO POR AGOTARSE;13;160,00;105,00
FAC;000483;04/04/2026;C-16;P-001;PRODUCTO RENTABLE;4;180,00;95,00
FAC;000484;04/04/2026;C-17;P-003;PRODUCTO CON MARGEN BAJO;5;105,00;100,00
FAC;000485;04/04/2026;C-18;P-004;PRODUCTO POR AGOTARSE;11;160,00;105,00
PRE;000486;05/04/2026;C-01;P-001;PRODUCTO RENTABLE;10;180,00;95,00
FAC;000487;05/04/2026;C-02;P-003;PRODUCTO CON MARGEN BAJO;4;105,00;100,00
FAC;000488;05/04/2026;C-03;P-004;PRODUCTO POR AGOTARSE;9;160,00;105,00
FAC;000489;06/04/2026;C-04;P-001;PRODUCTO RENTABLE;5;180,00;95,00
FAC;000490;06/04/2026;C-05;P-003;PRODUCTO CON MARGEN BAJO;8;105,00;100,00
FAC;000491;06/04/2026;C-06;P-004;PRODUCTO POR AGOTARSE;8;160,00;105,00
FAC;000492;07/04/2026;C-07;P-001;PRODUCTO RENTABLE;6;180,00;95,00
FAC;000493;07/04/2026;C-08;P-003;PRODUCTO CON MARGEN BAJO;8;105,00;100,00
FAC;000494;07/04/2026;C-09;P-004;PRODUCTO POR AGOTARSE;9;160,00;105,00
FAC;000495;08/04/2026;C-10;P-001;PRODUCTO RENTABLE;6;180,00;95,00
FAC;000496;08/04/2026;C-11;P-003;PRODUCTO CON MARGEN BAJO;7;105,00;100,00
FAC;000497;08/04/2026;C-12;P-004;PRODUCTO POR AGOTARSE;10;160,00;105,00
FAC;000498;09/04/2026;C-13;P-001;PRODUCTO RENTABLE;7;180,00;95,00
FAC;000499;09/04/2026;C-14;P-003;PRODUCTO CON MARGEN BAJO;7;105,00;100,00
FAC;000500;09/04/2026;C-15;P-004;PRODUCTO POR AGOTARSE;11;160,00;105,00
FAC;000501;10/04/2026;C-16;P-001;PRODUCTO RENTABLE;9;180,00;95,00
FAC;000502;10/04/2026;C-17;P-002;PRODUCTO SOBREABASTECIDO;1;250,00;170,00
FAC;000503;10/04/2026;C-18;P-003;PRODUCTO CON MARGEN BAJO;11;105,00;100,00
FAC;000504;10/04/2026;C-01;P-004;PRODUCTO POR AGOTARSE;13;160,00;105,00
FAC;000505;11/04/2026;C-02;P-001;PRODUCTO RENTABLE;4;180,00;95,00
FAC;000506;11/04/2026;C-03;P-003;PRODUCTO CON MARGEN BAJO;5;105,00;100,00
FAC;000507;11/04/2026;C-04;P-004;PRODUCTO POR AGOTARSE;11;160,00;105,00
FAC;000508;12/04/2026;C-05;P-001;PRODUCTO RENTABLE;3;180,00;95,00
FAC;000509;12/04/2026;C-06;P-003;PRODUCTO CON MARGEN BAJO;4;105,00;100,00
FAC;000510;12/04/2026;C-07;P-004;PRODUCTO POR AGOTARSE;19;160,00;105,00
FAC;000511;13/04/2026;C-08;P-001;PRODUCTO RENTABLE;5;180,00;95,00
FAC;000512;13/04/2026;C-09;P-003;PRODUCTO CON MARGEN BAJO;8;105,00;100,00
FAC;000513;13/04/2026;C-10;P-004;PRODUCTO POR AGOTARSE;18;160,00;105,00
FAC;000514;14/04/2026;C-11;P-001;PRODUCTO RENTABLE;6;180,00;95,00
FAC;000515;14/04/2026;C-12;P-003;PRODUCTO CON MARGEN BAJO;8;105,00;100,00
FAC;000516;14/04/2026;C-13;P-004;PRODUCTO POR AGOTARSE;19;160,00;105,00
FAC;000517;15/04/2026;C-14;P-001;PRODUCTO RENTABLE;6;180,00;95,00
FAC;000518;15/04/2026;C-15;P-002;PRODUCTO SOBREABASTECIDO;2;250,00;170,00
FAC;000519;15/04/2026;C-16;P-003;PRODUCTO CON MARGEN BAJO;7;105,00;100,00
FAC;000520;15/04/2026;C-17;P-004;PRODUCTO POR AGOTARSE;10;160,00;105,00
FAC;000521;16/04/2026;C-18;P-001;PRODUCTO RENTABLE;7;180,00;95,00
FAC;000522;16/04/2026;C-01;P-003;PRODUCTO CON MARGEN BAJO;7;105,00;100,00
FAC;000523;16/04/2026;C-02;P-004;PRODUCTO POR AGOTARSE;11;160,00;105,00
FAC;000524;17/04/2026;C-03;P-001;PRODUCTO RENTABLE;9;180,00;95,00
FAC;000525;17/04/2026;C-04;P-003;PRODUCTO CON MARGEN BAJO;9;105,00;100,00
FAC;000526;17/04/2026;C-05;P-004;PRODUCTO POR AGOTARSE;13;160,00;105,00
FAC;000527;18/04/2026;C-06;P-001;PRODUCTO RENTABLE;4;180,00;95,00
FAC;000528;18/04/2026;C-07;P-003;PRODUCTO CON MARGEN BAJO;5;105,00;100,00
FAC;000529;18/04/2026;C-08;P-004;PRODUCTO POR AGOTARSE;11;160,00;105,00
FAC;000530;19/04/2026;C-09;P-001;PRODUCTO RENTABLE;3;180,00;95,00
FAC;000531;19/04/2026;C-10;P-003;PRODUCTO CON MARGEN BAJO;4;105,00;100,00
FAC;000532;19/04/2026;C-11;P-004;PRODUCTO POR AGOTARSE;9;160,00;105,00
FAC;000533;20/04/2026;C-12;P-001;PRODUCTO RENTABLE;13;180,00;95,00
FAC;000534;20/04/2026;C-13;P-003;PRODUCTO CON MARGEN BAJO;8;105,00;100,00
FAC;000535;20/04/2026;C-14;P-004;PRODUCTO POR AGOTARSE;9;160,00;105,00
FAC;000536;21/04/2026;C-15;P-001;PRODUCTO RENTABLE;7;180,00;95,00
FAC;000537;21/04/2026;C-16;P-003;PRODUCTO CON MARGEN BAJO;8;105,00;100,00
FAC;000538;21/04/2026;C-17;P-004;PRODUCTO POR AGOTARSE;10;160,00;105,00
FAC;000539;22/04/2026;C-18;P-001;PRODUCTO RENTABLE;7;180,00;95,00
FAC;000540;22/04/2026;C-01;P-003;PRODUCTO CON MARGEN BAJO;7;105,00;100,00
N/C;000541;22/04/2026;C-02;P-004;PRODUCTO POR AGOTARSE;11;160,00;105,00
FAC;000542;23/04/2026;C-03;P-001;PRODUCTO RENTABLE;8;180,00;95,00
FAC;000543;23/04/2026;C-04;P-002;PRODUCTO SOBREABASTECIDO;1;250,00;170,00
FAC;000544;23/04/2026;C-05;P-003;PRODUCTO CON MARGEN BAJO;7;105,00;100,00
FAC;000545;23/04/2026;C-06;P-004;PRODUCTO POR AGOTARSE;12;160,00;105,00
FAC;000546;24/04/2026;C-07;P-001;PRODUCTO RENTABLE;10;180,00;95,00
FAC;000547;24/04/2026;C-08;P-003;PRODUCTO CON MARGEN BAJO;9;105,00;100,00
FAC;000548;24/04/2026;C-09;P-004;PRODUCTO POR AGOTARSE;14;160,00;105,00
FAC;000549;25/04/2026;C-10;P-001;PRODUCTO RENTABLE;5;180,00;95,00
FAC;000550;25/04/2026;C-11;P-003;PRODUCTO CON MARGEN BAJO;7;105,00;100,00
FAC;000551;25/04/2026;C-12;P-004;PRODUCTO POR AGOTARSE;12;160,00;105,00
FAC;000552;26/04/2026;C-13;P-001;PRODUCTO RENTABLE;4;180,00;95,00
FAC;000553;26/04/2026;C-14;P-003;PRODUCTO CON MARGEN BAJO;4;105,00;100,00
FAC;000554;26/04/2026;C-15;P-004;PRODUCTO POR AGOTARSE;10;160,00;105,00
FAC;000555;27/04/2026;C-16;P-001;PRODUCTO RENTABLE;6;180,00;95,00
FAC;000556;27/04/2026;C-17;P-003;PRODUCTO CON MARGEN BAJO;8;105,00;100,00
FAC;000557;27/04/2026;C-18;P-004;PRODUCTO POR AGOTARSE;9;160,00;105,00
FAC;000558;28/04/2026;C-01;P-001;PRODUCTO RENTABLE;7;180,00;95,00
FAC;000559;28/04/2026;C-02;P-003;PRODUCTO CON MARGEN BAJO;8;105,00;100,00
FAC;000560;28/04/2026;C-03;P-004;PRODUCTO POR AGOTARSE;10;160,00;105,00
FAC;000561;29/04/2026;C-04;P-001;PRODUCTO RENTABLE;7;180,00;95,00
FAC;000562;29/04/2026;C-05;P-003;PRODUCTO CON MARGEN BAJO;7;105,00;100,00
FAC;000563;29/04/2026;C-06;P-004;PRODUCTO POR AGOTARSE;11;160,00;105,00
FAC;000564;30/04/2026;C-07;P-001;PRODUCTO RENTABLE;8;180,00;95,00
FAC;000565;30/04/2026;C-08;P-003;PRODUCTO CON MARGEN BAJO;7;105,00;100,00
FAC;000566;30/04/2026;C-09;P-004;PRODUCTO POR AGOTARSE;12;160,00;105,00
FAC;000567;01/05/2026;C-10;P-001;PRODUCTO RENTABLE;10;180,00;95,00
FAC;000568;01/05/2026;C-11;P-002;PRODUCTO SOBREABASTECIDO;2;250,00;170,00
FAC;000569;01/05/2026;C-12;P-003;PRODUCTO CON MARGEN BAJO;9;105,00;100,00
FAC;000570;01/05/2026;C-13;P-004;PRODUCTO POR AGOTARSE;14;160,00;105,00
FAC;000571;02/05/2026;C-14;P-001;PRODUCTO RENTABLE;5;180,00;95,00
FAC;000572;02/05/2026;C-15;P-003;PRODUCTO CON MARGEN BAJO;5;105,00;100,00
FAC;000573;02/05/2026;C-16;P-004;PRODUCTO POR AGOTARSE;12;160,00;105,00
FAC;000574;03/05/2026;C-17;P-001;PRODUCTO RENTABLE;4;180,00;95,00
FAC;000575;03/05/2026;C-18;P-003;PRODUCTO CON MARGEN BAJO;4;105,00;100,00
FAC;000576;03/05/2026;C-01;P-004;PRODUCTO POR AGOTARSE;10;160,00;105,00
FAC;000577;04/05/2026;C-02;P-001;PRODUCTO RENTABLE;6;180,00;95,00
FAC;000578;04/05/2026;C-03;P-003;PRODUCTO CON MARGEN BAJO;8;105,00;100,00
FAC;000579;04/05/2026;C-04;P-004;PRODUCTO POR AGOTARSE;9;160,00;105,00
FAC;000580;05/05/2026;C-05;P-001;PRODUCTO RENTABLE;14;180,00;95,00
FAC;000581;05/05/2026;C-06;P-003;PRODUCTO CON MARGEN BAJO;8;105,00;100,00
FAC;000582;05/05/2026;C-07;P-004;PRODUCTO POR AGOTARSE;10;160,00;105,00
PRE;000583;06/05/2026;C-08;P-001;PRODUCTO RENTABLE;7;180,00;95,00
FAC;000584;06/05/2026;C-09;P-002;PRODUCTO SOBREABASTECIDO;1;250,00;170,00
FAC;000585;06/05/2026;C-10;P-003;PRODUCTO CON MARGEN BAJO;7;105,00;100,00
FAC;000586;06/05/2026;C-11;P-004;PRODUCTO POR AGOTARSE;11;160,00;105,00
FAC;000587;07/05/2026;C-12;P-001;PRODUCTO RENTABLE;8;180,00;95,00
FAC;000588;07/05/2026;C-13;P-003;PRODUCTO CON MARGEN BAJO;7;105,00;100,00
FAC;000589;07/05/2026;C-14;P-004;PRODUCTO POR AGOTARSE;12;160,00;105,00
FAC;000590;08/05/2026;C-15;P-001;PRODUCTO RENTABLE;10;180,00;95,00
FAC;000591;08/05/2026;C-16;P-003;PRODUCTO CON MARGEN BAJO;9;105,00;100,00
FAC;000592;08/05/2026;C-17;P-004;PRODUCTO POR AGOTARSE;14;160,00;105,00
FAC;000593;09/05/2026;C-18;P-001;PRODUCTO RENTABLE;5;180,00;95,00
FAC;000594;09/05/2026;C-01;P-003;PRODUCTO CON MARGEN BAJO;5;105,00;100,00
FAC;000595;09/05/2026;C-02;P-004;PRODUCTO POR AGOTARSE;12;160,00;105,00
FAC;000596;10/05/2026;C-03;P-001;PRODUCTO RENTABLE;4;180,00;95,00
FAC;000597;10/05/2026;C-04;P-003;PRODUCTO CON MARGEN BAJO;6;105,00;100,00
FAC;000598;10/05/2026;C-05;P-004;PRODUCTO POR AGOTARSE;10;160,00;105,00
FAC;000599;11/05/2026;C-06;P-001;PRODUCTO RENTABLE;6;180,00;95,00
FAC;000600;11/05/2026;C-07;P-003;PRODUCTO CON MARGEN BAJO;8;105,00;100,00
N/C;000601;11/05/2026;C-08;P-004;PRODUCTO POR AGOTARSE;9;160,00;105,00
FAC;000602;12/05/2026;C-09;P-001;PRODUCTO RENTABLE;7;180,00;95,00
FAC;000603;12/05/2026;C-10;P-003;PRODUCTO CON MARGEN BAJO;8;105,00;100,00
FAC;000604;12/05/2026;C-11;P-004;PRODUCTO POR AGOTARSE;20;160,00;105,00
FAC;000605;13/05/2026;C-12;P-001;PRODUCTO RENTABLE;7;180,00;95,00
FAC;000606;13/05/2026;C-13;P-003;PRODUCTO CON MARGEN BAJO;7;105,00;100,00
FAC;000607;13/05/2026;C-14;P-004;PRODUCTO POR AGOTARSE;21;160,00;105,00
FAC;000608;14/05/2026;C-15;P-001;PRODUCTO RENTABLE;8;180,00;95,00
FAC;000609;14/05/2026;C-16;P-003;PRODUCTO CON MARGEN BAJO;7;105,00;100,00
FAC;000610;14/05/2026;C-17;P-004;PRODUCTO POR AGOTARSE;22;160,00;105,00
FAC;000611;15/05/2026;C-18;P-001;PRODUCTO RENTABLE;10;180,00;95,00
FAC;000612;15/05/2026;C-01;P-002;PRODUCTO SOBREABASTECIDO;2;250,00;170,00
FAC;000613;15/05/2026;C-02;P-003;PRODUCTO CON MARGEN BAJO;9;105,00;100,00
FAC;000614;15/05/2026;C-03;P-004;PRODUCTO POR AGOTARSE;14;160,00;105,00
FAC;000615;16/05/2026;C-04;P-001;PRODUCTO RENTABLE;5;180,00;95,00
FAC;000616;16/05/2026;C-05;P-003;PRODUCTO CON MARGEN BAJO;5;105,00;100,00
FAC;000617;16/05/2026;C-06;P-004;PRODUCTO POR AGOTARSE;12;160,00;105,00
FAC;000618;17/05/2026;C-07;P-001;PRODUCTO RENTABLE;4;180,00;95,00
FAC;000619;17/05/2026;C-08;P-003;PRODUCTO CON MARGEN BAJO;4;105,00;100,00
FAC;000620;17/05/2026;C-09;P-004;PRODUCTO POR AGOTARSE;10;160,00;105,00
FAC;000621;18/05/2026;C-10;P-001;PRODUCTO RENTABLE;6;180,00;95,00
FAC;000622;18/05/2026;C-11;P-003;PRODUCTO CON MARGEN BAJO;8;105,00;100,00
FAC;000623;18/05/2026;C-12;P-004;PRODUCTO POR AGOTARSE;9;160,00;105,00
FAC;000624;19/05/2026;C-13;P-001;PRODUCTO RENTABLE;7;180,00;95,00
FAC;000625;19/05/2026;C-14;P-002;PRODUCTO SOBREABASTECIDO;1;250,00;170,00
FAC;000626;19/05/2026;C-15;P-003;PRODUCTO CON MARGEN BAJO;8;105,00;100,00
FAC;000627;19/05/2026;C-16;P-004;PRODUCTO POR AGOTARSE;10;160,00;105,00
FAC;000628;20/05/2026;C-17;P-001;PRODUCTO RENTABLE;14;180,00;95,00
FAC;000629;20/05/2026;C-18;P-003;PRODUCTO CON MARGEN BAJO;7;105,00;100,00
FAC;000630;20/05/2026;C-01;P-004;PRODUCTO POR AGOTARSE;11;160,00;105,00
FAC;000631;21/05/2026;C-02;P-001;PRODUCTO RENTABLE;8;180,00;95,00
FAC;000632;21/05/2026;C-03;P-003;PRODUCTO CON MARGEN BAJO;7;105,00;100,00
FAC;000633;21/05/2026;C-04;P-004;PRODUCTO POR AGOTARSE;12;160,00;105,00
FAC;000634;22/05/2026;C-05;P-001;PRODUCTO RENTABLE;10;180,00;95,00
FAC;000635;22/05/2026;C-06;P-003;PRODUCTO CON MARGEN BAJO;9;105,00;100,00
FAC;000636;22/05/2026;C-07;P-004;PRODUCTO POR AGOTARSE;14;160,00;105,00
FAC;000637;23/05/2026;C-08;P-001;PRODUCTO RENTABLE;5;180,00;95,00
FAC;000638;23/05/2026;C-09;P-003;PRODUCTO CON MARGEN BAJO;5;105,00;100,00
FAC;000639;23/05/2026;C-10;P-004;PRODUCTO POR AGOTARSE;12;160,00;105,00
FAC;000640;24/05/2026;C-11;P-001;PRODUCTO RENTABLE;4;180,00;95,00
FAC;000641;24/05/2026;C-12;P-003;PRODUCTO CON MARGEN BAJO;4;105,00;100,00
FAC;000642;24/05/2026;C-13;P-004;PRODUCTO POR AGOTARSE;10;160,00;105,00
FAC;000643;25/05/2026;C-14;P-001;PRODUCTO RENTABLE;6;180,00;95,00
FAC;000644;25/05/2026;C-15;P-003;PRODUCTO CON MARGEN BAJO;10;105,00;100,00
FAC;000645;25/05/2026;C-16;P-004;PRODUCTO POR AGOTARSE;10;160,00;105,00
FAC;000646;26/05/2026;C-17;P-001;PRODUCTO RENTABLE;7;180,00;95,00
FAC;000647;26/05/2026;C-18;P-003;PRODUCTO CON MARGEN BAJO;8;105,00;100,00
FAC;000648;26/05/2026;C-01;P-004;PRODUCTO POR AGOTARSE;11;160,00;105,00
FAC;000649;27/05/2026;C-02;P-001;PRODUCTO RENTABLE;7;180,00;95,00
FAC;000650;27/05/2026;C-03;P-003;PRODUCTO CON MARGEN BAJO;7;105,00;100,00
FAC;000651;27/05/2026;C-04;P-004;PRODUCTO POR AGOTARSE;12;160,00;105,00
FAC;000652;28/05/2026;C-05;P-001;PRODUCTO RENTABLE;8;180,00;95,00
FAC;000653;28/05/2026;C-06;P-003;PRODUCTO CON MARGEN BAJO;7;105,00;100,00
FAC;000654;28/05/2026;C-07;P-004;PRODUCTO POR AGOTARSE;13;160,00;105,00
FAC;000655;29/05/2026;C-08;P-001;PRODUCTO RENTABLE;10;180,00;95,00
FAC;000656;29/05/2026;C-09;P-003;PRODUCTO CON MARGEN BAJO;9;105,00;100,00
FAC;000657;29/05/2026;C-10;P-004;PRODUCTO POR AGOTARSE;15;160,00;105,00
FAC;000658;30/05/2026;C-11;P-001;PRODUCTO RENTABLE;5;180,00;95,00
FAC;000659;30/05/2026;C-12;P-003;PRODUCTO CON MARGEN BAJO;5;105,00;100,00
FAC;000660;30/05/2026;C-13;P-004;PRODUCTO POR AGOTARSE;13;160,00;105,00
N/C;000661;31/05/2026;C-14;P-001;PRODUCTO RENTABLE;4;180,00;95,00
FAC;000662;31/05/2026;C-15;P-003;PRODUCTO CON MARGEN BAJO;4;105,00;100,00
FAC;000663;31/05/2026;C-16;P-004;PRODUCTO POR AGOTARSE;11;160,00;105,00
FAC;000664;01/06/2026;C-17;P-001;PRODUCTO RENTABLE;6;180,00;95,00
FAC;000665;01/06/2026;C-18;P-002;PRODUCTO SOBREABASTECIDO;2;250,00;170,00
FAC;000666;01/06/2026;C-01;P-003;PRODUCTO CON MARGEN BAJO;8;105,00;100,00
FAC;000667;01/06/2026;C-02;P-004;PRODUCTO POR AGOTARSE;10;160,00;105,00
FAC;000668;02/06/2026;C-03;P-001;PRODUCTO RENTABLE;7;180,00;95,00
FAC;000669;02/06/2026;C-04;P-003;PRODUCTO CON MARGEN BAJO;8;105,00;100,00
FAC;000670;02/06/2026;C-05;P-004;PRODUCTO POR AGOTARSE;11;160,00;105,00
FAC;000671;03/06/2026;C-06;P-001;PRODUCTO RENTABLE;7;180,00;95,00
FAC;000672;03/06/2026;C-07;P-003;PRODUCTO CON MARGEN BAJO;7;105,00;100,00
FAC;000673;03/06/2026;C-08;P-004;PRODUCTO POR AGOTARSE;12;160,00;105,00
FAC;000674;04/06/2026;C-09;P-001;PRODUCTO RENTABLE;8;180,00;95,00
FAC;000675;04/06/2026;C-10;P-003;PRODUCTO CON MARGEN BAJO;7;105,00;100,00
FAC;000676;04/06/2026;C-11;P-004;PRODUCTO POR AGOTARSE;13;160,00;105,00
FAC;000677;05/06/2026;C-12;P-001;PRODUCTO RENTABLE;17;180,00;95,00
FAC;000678;05/06/2026;C-13;P-003;PRODUCTO CON MARGEN BAJO;9;105,00;100,00
FAC;000679;05/06/2026;C-14;P-004;PRODUCTO POR AGOTARSE;15;160,00;105,00
PRE;000680;06/06/2026;C-15;P-001;PRODUCTO RENTABLE;5;180,00;95,00
FAC;000681;06/06/2026;C-16;P-003;PRODUCTO CON MARGEN BAJO;5;105,00;100,00
FAC;000682;06/06/2026;C-17;P-004;PRODUCTO POR AGOTARSE;13;160,00;105,00
FAC;000683;07/06/2026;C-18;P-001;PRODUCTO RENTABLE;4;180,00;95,00
FAC;000684;07/06/2026;C-01;P-003;PRODUCTO CON MARGEN BAJO;4;105,00;100,00
FAC;000685;07/06/2026;C-02;P-004;PRODUCTO POR AGOTARSE;11;160,00;105,00
FAC;000686;08/06/2026;C-03;P-001;PRODUCTO RENTABLE;6;180,00;95,00
FAC;000687;08/06/2026;C-04;P-003;PRODUCTO CON MARGEN BAJO;8;105,00;100,00
FAC;000688;08/06/2026;C-05;P-004;PRODUCTO POR AGOTARSE;10;160,00;105,00
FAC;000689;09/06/2026;C-06;P-001;PRODUCTO RENTABLE;7;180,00;95,00
FAC;000690;09/06/2026;C-07;P-003;PRODUCTO CON MARGEN BAJO;8;105,00;100,00
FAC;000691;09/06/2026;C-08;P-004;PRODUCTO POR AGOTARSE;11;160,00;105,00
FAC;000692;10/06/2026;C-09;P-001;PRODUCTO RENTABLE;7;180,00;95,00
FAC;000693;10/06/2026;C-10;P-003;PRODUCTO CON MARGEN BAJO;9;105,00;100,00
FAC;000694;10/06/2026;C-11;P-004;PRODUCTO POR AGOTARSE;12;160,00;105,00
FAC;000695;11/06/2026;C-12;P-001;PRODUCTO RENTABLE;8;180,00;95,00
FAC;000696;11/06/2026;C-13;P-003;PRODUCTO CON MARGEN BAJO;7;105,00;100,00
FAC;000697;11/06/2026;C-14;P-004;PRODUCTO POR AGOTARSE;13;160,00;105,00
FAC;000698;12/06/2026;C-15;P-001;PRODUCTO RENTABLE;10;180,00;95,00
FAC;000699;12/06/2026;C-16;P-003;PRODUCTO CON MARGEN BAJO;9;105,00;100,00
FAC;000700;12/06/2026;C-17;P-004;PRODUCTO POR AGOTARSE;25;160,00;105,00
FAC;000701;13/06/2026;C-18;P-001;PRODUCTO RENTABLE;5;180,00;95,00
FAC;000702;13/06/2026;C-01;P-003;PRODUCTO CON MARGEN BAJO;5;105,00;100,00
FAC;000703;13/06/2026;C-02;P-004;PRODUCTO POR AGOTARSE;23;160,00;105,00
FAC;000704;14/06/2026;C-03;P-001;PRODUCTO RENTABLE;4;180,00;95,00
FAC;000705;14/06/2026;C-04;P-002;PRODUCTO SOBREABASTECIDO;1;250,00;170,00
FAC;000706;14/06/2026;C-05;P-003;PRODUCTO CON MARGEN BAJO;4;105,00;100,00
FAC;000707;14/06/2026;C-06;P-004;PRODUCTO POR AGOTARSE;21;160,00;105,00
FAC;000708;15/06/2026;C-07;P-001;PRODUCTO RENTABLE;6;180,00;95,00
FAC;000709;15/06/2026;C-08;P-002;PRODUCTO SOBREABASTECIDO;2;250,00;170,00
FAC;000710;15/06/2026;C-09;P-003;PRODUCTO CON MARGEN BAJO;8;105,00;100,00
FAC;000711;15/06/2026;C-10;P-004;PRODUCTO POR AGOTARSE;10;160,00;105,00
FAC;000712;16/06/2026;C-11;P-001;PRODUCTO RENTABLE;7;180,00;95,00
FAC;000713;16/06/2026;C-12;P-003;PRODUCTO CON MARGEN BAJO;8;105,00;100,00
FAC;000714;16/06/2026;C-13;P-004;PRODUCTO POR AGOTARSE;11;160,00;105,00
FAC;000715;17/06/2026;C-14;P-001;PRODUCTO RENTABLE;7;180,00;95,00
FAC;000716;17/06/2026;C-15;P-003;PRODUCTO CON MARGEN BAJO;7;105,00;100,00
FAC;000717;17/06/2026;C-16;P-004;PRODUCTO POR AGOTARSE;12;160,00;105,00
FAC;000718;18/06/2026;C-17;P-001;PRODUCTO RENTABLE;8;180,00;95,00
FAC;000719;18/06/2026;C-18;P-003;PRODUCTO CON MARGEN BAJO;7;105,00;100,00
FAC;000720;18/06/2026;C-01;P-004;PRODUCTO POR AGOTARSE;13;160,00;105,00
N/C;000721;19/06/2026;C-02;P-001;PRODUCTO RENTABLE;10;180,00;95,00
FAC;000722;19/06/2026;C-03;P-003;PRODUCTO CON MARGEN BAJO;9;105,00;100,00
FAC;000723;19/06/2026;C-04;P-004;PRODUCTO POR AGOTARSE;15;160,00;105,00
FAC;000724;20/06/2026;C-05;P-001;PRODUCTO RENTABLE;12;180,00;95,00
FAC;000725;20/06/2026;C-06;P-003;PRODUCTO CON MARGEN BAJO;5;105,00;100,00
FAC;000726;20/06/2026;C-07;P-004;PRODUCTO POR AGOTARSE;13;160,00;105,00
FAC;000727;21/06/2026;C-08;P-001;PRODUCTO RENTABLE;4;180,00;95,00
FAC;000728;21/06/2026;C-09;P-003;PRODUCTO CON MARGEN BAJO;4;105,00;100,00
FAC;000729;21/06/2026;C-10;P-004;PRODUCTO POR AGOTARSE;11;160,00;105,00
FAC;000730;22/06/2026;C-11;P-001;PRODUCTO RENTABLE;6;180,00;95,00
FAC;000731;22/06/2026;C-12;P-003;PRODUCTO CON MARGEN BAJO;8;105,00;100,00
FAC;000732;22/06/2026;C-13;P-004;PRODUCTO POR AGOTARSE;10;160,00;105,00
FAC;000733;23/06/2026;C-14;P-001;PRODUCTO RENTABLE;7;180,00;95,00
FAC;000734;23/06/2026;C-15;P-003;PRODUCTO CON MARGEN BAJO;8;105,00;100,00
FAC;000735;23/06/2026;C-16;P-004;PRODUCTO POR AGOTARSE;11;160,00;105,00
FAC;000736;24/06/2026;C-17;P-001;PRODUCTO RENTABLE;7;180,00;95,00
FAC;000737;24/06/2026;C-18;P-003;PRODUCTO CON MARGEN BAJO;7;105,00;100,00
FAC;000738;24/06/2026;C-01;P-004;PRODUCTO POR AGOTARSE;12;160,00;105,00
FAC;000739;25/06/2026;C-02;P-001;PRODUCTO RENTABLE;8;180,00;95,00
FAC;000740;25/06/2026;C-03;P-003;PRODUCTO CON MARGEN BAJO;9;105,00;100,00
FAC;000741;25/06/2026;C-04;P-004;PRODUCTO POR AGOTARSE;13;160,00;105,00
FAC;000742;26/06/2026;C-05;P-001;PRODUCTO RENTABLE;10;180,00;95,00
FAC;000743;26/06/2026;C-06;P-003;PRODUCTO CON MARGEN BAJO;9;105,00;100,00
FAC;000744;26/06/2026;C-07;P-004;PRODUCTO POR AGOTARSE;15;160,00;105,00
FAC;000745;27/06/2026;C-08;P-001;PRODUCTO RENTABLE;5;180,00;95,00
FAC;000746;27/06/2026;C-09;P-002;PRODUCTO SOBREABASTECIDO;1;250,00;170,00
FAC;000747;27/06/2026;C-10;P-003;PRODUCTO CON MARGEN BAJO;5;105,00;100,00
FAC;000748;27/06/2026;C-11;P-004;PRODUCTO POR AGOTARSE;13;160,00;105,00
FAC;000749;28/06/2026;C-12;P-001;PRODUCTO RENTABLE;4;180,00;95,00
FAC;000750;28/06/2026;C-13;P-003;PRODUCTO CON MARGEN BAJO;4;105,00;100,00
FAC;000751;28/06/2026;C-14;P-004;PRODUCTO POR AGOTARSE;11;160,00;105,00
FAC;000752;29/06/2026;C-15;P-001;PRODUCTO RENTABLE;7;180,00;95,00
FAC;000753;29/06/2026;C-16;P-003;PRODUCTO CON MARGEN BAJO;8;105,00;100,00
FAC;000754;29/06/2026;C-17;P-004;PRODUCTO POR AGOTARSE;11;160,00;105,00
FAC;000755;30/06/2026;C-18;P-001;PRODUCTO RENTABLE;8;180,00;95,00
FAC;000756;30/06/2026;C-01;P-003;PRODUCTO CON MARGEN BAJO;8;105,00;100,00
FAC;000757;30/06/2026;C-02;P-004;PRODUCTO POR AGOTARSE;12;160,00;105,00
FAC;000758;01/07/2026;C-03;P-001;PRODUCTO RENTABLE;8;180,00;95,00
FAC;000759;01/07/2026;C-04;P-002;PRODUCTO SOBREABASTECIDO;2;250,00;170,00
FAC;000760;01/07/2026;C-05;P-003;PRODUCTO CON MARGEN BAJO;7;105,00;100,00
FAC;000761;01/07/2026;C-06;P-004;PRODUCTO POR AGOTARSE;13;160,00;105,00
FAC;000762;02/07/2026;C-07;P-001;PRODUCTO RENTABLE;9;180,00;95,00
FAC;000763;02/07/2026;C-08;P-003;PRODUCTO CON MARGEN BAJO;7;105,00;100,00
FAC;000764;02/07/2026;C-09;P-004;PRODUCTO POR AGOTARSE;14;160,00;105,00
FAC;000765;03/07/2026;C-10;P-001;PRODUCTO RENTABLE;11;180,00;95,00
FAC;000766;03/07/2026;C-11;P-003;PRODUCTO CON MARGEN BAJO;9;105,00;100,00
FAC;000767;03/07/2026;C-12;P-004;PRODUCTO POR AGOTARSE;16;160,00;105,00
FAC;000768;04/07/2026;C-13;P-001;PRODUCTO RENTABLE;6;180,00;95,00
FAC;000769;04/07/2026;C-14;P-003;PRODUCTO CON MARGEN BAJO;5;105,00;100,00
FAC;000770;04/07/2026;C-15;P-004;PRODUCTO POR AGOTARSE;14;160,00;105,00
FAC;000771;05/07/2026;C-16;P-001;PRODUCTO RENTABLE;12;180,00;95,00
FAC;000772;05/07/2026;C-17;P-003;PRODUCTO CON MARGEN BAJO;4;105,00;100,00
FAC;000773;05/07/2026;C-18;P-004;PRODUCTO POR AGOTARSE;12;160,00;105,00
FAC;000774;06/07/2026;C-01;P-001;PRODUCTO RENTABLE;7;180,00;95,00
FAC;000775;06/07/2026;C-02;P-003;PRODUCTO CON MARGEN BAJO;8;105,00;100,00
FAC;000776;06/07/2026;C-03;P-004;PRODUCTO POR AGOTARSE;11;160,00;105,00
PRE;000777;07/07/2026;C-04;P-001;PRODUCTO RENTABLE;8;180,00;95,00
FAC;000778;07/07/2026;C-05;P-003;PRODUCTO CON MARGEN BAJO;8;105,00;100,00
FAC;000779;07/07/2026;C-06;P-004;PRODUCTO POR AGOTARSE;12;160,00;105,00
FAC;000780;08/07/2026;C-07;P-001;PRODUCTO RENTABLE;8;180,00;95,00
N/C;000781;08/07/2026;C-08;P-003;PRODUCTO CON MARGEN BAJO;7;105,00;100,00
FAC;000782;08/07/2026;C-09;P-004;PRODUCTO POR AGOTARSE;13;160,00;105,00
FAC;000783;09/07/2026;C-10;P-001;PRODUCTO RENTABLE;9;180,00;95,00
FAC;000784;09/07/2026;C-11;P-003;PRODUCTO CON MARGEN BAJO;7;105,00;100,00
FAC;000785;09/07/2026;C-12;P-004;PRODUCTO POR AGOTARSE;14;160,00;105,00
FAC;000786;10/07/2026;C-13;P-001;PRODUCTO RENTABLE;11;180,00;95,00
FAC;000787;10/07/2026;C-14;P-002;PRODUCTO SOBREABASTECIDO;1;250,00;170,00
FAC;000788;10/07/2026;C-15;P-003;PRODUCTO CON MARGEN BAJO;11;105,00;100,00
FAC;000789;10/07/2026;C-16;P-004;PRODUCTO POR AGOTARSE;16;160,00;105,00
FAC;000790;11/07/2026;C-17;P-001;PRODUCTO RENTABLE;6;180,00;95,00
FAC;000791;11/07/2026;C-18;P-003;PRODUCTO CON MARGEN BAJO;5;105,00;100,00
FAC;000792;11/07/2026;C-01;P-004;PRODUCTO POR AGOTARSE;14;160,00;105,00
FAC;000793;12/07/2026;C-02;P-001;PRODUCTO RENTABLE;5;180,00;95,00
FAC;000794;12/07/2026;C-03;P-003;PRODUCTO CON MARGEN BAJO;4;105,00;100,00
FAC;000795;12/07/2026;C-04;P-004;PRODUCTO POR AGOTARSE;22;160,00;105,00
FAC;000796;13/07/2026;C-05;P-001;PRODUCTO RENTABLE;7;180,00;95,00
FAC;000797;13/07/2026;C-06;P-003;PRODUCTO CON MARGEN BAJO;8;105,00;100,00
FAC;000798;13/07/2026;C-07;P-004;PRODUCTO POR AGOTARSE;21;160,00;105,00
FAC;000799;14/07/2026;C-08;P-001;PRODUCTO RENTABLE;8;180,00;95,00
FAC;000800;14/07/2026;C-09;P-003;PRODUCTO CON MARGEN BAJO;8;105,00;100,00
FAC;000801;14/07/2026;C-10;P-004;PRODUCTO POR AGOTARSE;22;160,00;105,00
FAC;000802;15/07/2026;C-11;P-001;PRODUCTO RENTABLE;8;180,00;95,00
FAC;000803;15/07/2026;C-12;P-002;PRODUCTO SOBREABASTECIDO;2;250,00;170,00
FAC;000804;15/07/2026;C-13;P-003;PRODUCTO CON MARGEN BAJO;7;105,00;100,00
FAC;000805;15/07/2026;C-14;P-004;PRODUCTO POR AGOTARSE;13;160,00;105,00
FAC;000806;16/07/2026;C-15;P-001;PRODUCTO RENTABLE;9;180,00;95,00
FAC;000807;16/07/2026;C-16;P-003;PRODUCTO CON MARGEN BAJO;7;105,00;100,00
FAC;000808;16/07/2026;C-17;P-004;PRODUCTO POR AGOTARSE;14;160,00;105,00
FAC;000809;17/07/2026;C-18;P-001;PRODUCTO RENTABLE;11;180,00;95,00
FAC;000810;17/07/2026;C-01;P-003;PRODUCTO CON MARGEN BAJO;9;105,00;100,00
FAC;000811;17/07/2026;C-02;P-004;PRODUCTO POR AGOTARSE;16;160,00;105,00
FAC;000812;18/07/2026;C-03;P-001;PRODUCTO RENTABLE;6;180,00;95,00
FAC;000813;18/07/2026;C-04;P-003;PRODUCTO CON MARGEN BAJO;5;105,00;100,00
FAC;000814;18/07/2026;C-05;P-004;PRODUCTO POR AGOTARSE;14;160,00;105,00
FAC;000815;19/07/2026;C-06;P-001;PRODUCTO RENTABLE;5;180,00;95,00
FAC;000816;19/07/2026;C-07;P-003;PRODUCTO CON MARGEN BAJO;4;105,00;100,00
FAC;000817;19/07/2026;C-08;P-004;PRODUCTO POR AGOTARSE;12;160,00;105,00
FAC;000818;20/07/2026;C-09;P-001;PRODUCTO RENTABLE;14;180,00;95,00
FAC;000819;20/07/2026;C-10;P-003;PRODUCTO CON MARGEN BAJO;8;105,00;100,00
FAC;000820;20/07/2026;C-11;P-004;PRODUCTO POR AGOTARSE;11;160,00;105,00
FAC;000821;21/07/2026;C-12;P-001;PRODUCTO RENTABLE;8;180,00;95,00
FAC;000822;21/07/2026;C-13;P-003;PRODUCTO CON MARGEN BAJO;8;105,00;100,00
FAC;000823;21/07/2026;C-14;P-004;PRODUCTO POR AGOTARSE;12;160,00;105,00
FAC;000824;22/07/2026;C-15;P-001;PRODUCTO RENTABLE;8;180,00;95,00
FAC;000825;22/07/2026;C-16;P-003;PRODUCTO CON MARGEN BAJO;7;105,00;100,00
FAC;000826;22/07/2026;C-17;P-004;PRODUCTO POR AGOTARSE;13;160,00;105,00
FAC;000827;23/07/2026;C-18;P-001;PRODUCTO RENTABLE;9;180,00;95,00
FAC;000828;23/07/2026;C-01;P-002;PRODUCTO SOBREABASTECIDO;1;250,00;170,00
FAC;000829;23/07/2026;C-02;P-003;PRODUCTO CON MARGEN BAJO;7;105,00;100,00
FAC;000830;23/07/2026;C-03;P-004;PRODUCTO POR AGOTARSE;14;160,00;105,00
FAC;000831;24/07/2026;C-04;P-001;PRODUCTO RENTABLE;11;180,00;95,00
FAC;000832;24/07/2026;C-05;P-003;PRODUCTO CON MARGEN BAJO;9;105,00;100,00
FAC;000833;24/07/2026;C-06;P-004;PRODUCTO POR AGOTARSE;16;160,00;105,00
FAC;000834;25/07/2026;C-07;P-001;PRODUCTO RENTABLE;6;180,00;95,00
FAC;000835;25/07/2026;C-08;P-003;PRODUCTO CON MARGEN BAJO;7;105,00;100,00
FAC;000836;25/07/2026;C-09;P-004;PRODUCTO POR AGOTARSE;14;160,00;105,00
FAC;000837;26/07/2026;C-10;P-001;PRODUCTO RENTABLE;5;180,00;95,00
FAC;000838;26/07/2026;C-11;P-003;PRODUCTO CON MARGEN BAJO;4;105,00;100,00
FAC;000839;26/07/2026;C-12;P-004;PRODUCTO POR AGOTARSE;12;160,00;105,00
FAC;000840;27/07/2026;C-13;P-001;PRODUCTO RENTABLE;7;180,00;95,00
N/C;000841;27/07/2026;C-14;P-003;PRODUCTO CON MARGEN BAJO;8;105,00;100,00
FAC;000842;27/07/2026;C-15;P-004;PRODUCTO POR AGOTARSE;11;160,00;105,00
FAC;000843;28/07/2026;C-16;P-001;PRODUCTO RENTABLE;8;180,00;95,00
FAC;000844;28/07/2026;C-17;P-003;PRODUCTO CON MARGEN BAJO;8;105,00;100,00
FAC;000845;28/07/2026;C-18;P-004;PRODUCTO POR AGOTARSE;12;160,00;105,00
FAC;000846;29/07/2026;C-01;P-001;PRODUCTO RENTABLE;8;180,00;95,00
FAC;000847;29/07/2026;C-02;P-003;PRODUCTO CON MARGEN BAJO;7;105,00;100,00
FAC;000848;29/07/2026;C-03;P-004;PRODUCTO POR AGOTARSE;13;160,00;105,00
FAC;000849;30/07/2026;C-04;P-001;PRODUCTO RENTABLE;9;180,00;95,00
FAC;000850;30/07/2026;C-05;P-003;PRODUCTO CON MARGEN BAJO;7;105,00;100,00
FAC;000851;30/07/2026;C-06;P-004;PRODUCTO POR AGOTARSE;14;160,00;105,00
FAC;000852;31/07/2026;C-07;P-001;PRODUCTO RENTABLE;11;180,00;95,00
FAC;000853;31/07/2026;C-08;P-003;PRODUCTO CON MARGEN BAJO;9;105,00;100,00
FAC;000854;31/07/2026;C-09;P-004;PRODUCTO POR AGOTARSE;16;160,00;105,00