sale_id,sale_date,product_id,product_name,quantity,unit_price,unit_cost,customer_id
V-00001,2025-12-01,P-001,Producto rentable,4,180,95,C-02
V-00002,2025-12-01,P-002,Producto sobreabastecido,2,250,170,C-03
V-00003,2025-12-01,P-003,Producto con margen bajo,8,105,100,C-04
V-00004,2025-12-01,P-004,Producto por agotarse,5,160,105,C-05
V-00005,2025-12-01,P-006,Producto estacional detenido,3,210,140,C-06
V-00006,2025-12-02,P-001,Producto rentable,5,180,95,C-07
V-00007,2025-12-02,P-003,Producto con margen bajo,8,105,100,C-08
V-00008,2025-12-02,P-004,Producto por agotarse,6,160,105,C-09
V-00009,2025-12-02,P-006,Producto estacional detenido,4,210,140,C-10
V-00010,2025-12-03,P-001,Producto rentable,5,180,95,C-11
V-00011,2025-12-03,P-003,Producto con margen bajo,7,105,100,C-12
V-00012,2025-12-03,P-004,Producto por agotarse,7,160,105,C-13
V-00013,2025-12-03,P-006,Producto estacional detenido,4,210,140,C-14
V-00014,2025-12-04,P-001,Producto rentable,6,180,95,C-15
V-00015,2025-12-04,P-003,Producto con margen bajo,7,105,100,C-16
V-00016,2025-12-04,P-004,Producto por agotarse,8,160,105,C-17
V-00017,2025-12-04,P-006,Producto estacional detenido,5,210,140,C-18
V-00018,2025-12-05,P-001,Producto rentable,15,180,95,C-01
V-00019,2025-12-05,P-003,Producto con margen bajo,9,105,100,C-02
V-00020,2025-12-05,P-004,Producto por agotarse,10,160,105,C-03
V-00021,2025-12-05,P-006,Producto estacional detenido,6,210,140,C-04
V-00022,2025-12-06,P-001,Producto rentable,3,180,95,C-05
V-00023,2025-12-06,P-003,Producto con margen bajo,5,105,100,C-06
V-00024,2025-12-06,P-004,Producto por agotarse,8,160,105,C-07
V-00025,2025-12-06,P-006,Producto estacional detenido,2,210,140,C-08
V-00026,2025-12-07,P-001,Producto rentable,2,180,95,C-09
V-00027,2025-12-07,P-003,Producto con margen bajo,4,105,100,C-10
V-00028,2025-12-07,P-004,Producto por agotarse,6,160,105,C-11
V-00029,2025-12-07,P-006,Producto estacional detenido,1,210,140,C-12
V-00030,2025-12-08,P-001,Producto rentable,4,180,95,C-13
V-00031,2025-12-08,P-003,Producto con margen bajo,8,105,100,C-14
V-00032,2025-12-08,P-004,Producto por agotarse,5,160,105,C-15
V-00033,2025-12-08,P-006,Producto estacional detenido,3,210,140,C-16
V-00034,2025-12-09,P-001,Producto rentable,5,180,95,C-17
V-00035,2025-12-09,P-003,Producto con margen bajo,8,105,100,C-18
V-00036,2025-12-09,P-004,Producto por agotarse,6,160,105,C-01
V-00037,2025-12-09,P-006,Producto estacional detenido,4,210,140,C-02
V-00038,2025-12-10,P-001,Producto rentable,5,180,95,C-03
V-00039,2025-12-10,P-003,Producto con margen bajo,9,105,100,C-04
V-00040,2025-12-10,P-004,Producto por agotarse,7,160,105,C-05
V-00041,2025-12-10,P-006,Producto estacional detenido,4,210,140,C-06
V-00042,2025-12-11,P-001,Producto rentable,6,180,95,C-07
V-00043,2025-12-11,P-003,Producto con margen bajo,7,105,100,C-08
V-00044,2025-12-11,P-004,Producto por agotarse,8,160,105,C-09
V-00045,2025-12-11,P-006,Producto estacional detenido,5,210,140,C-10
V-00046,2025-12-12,P-001,Producto rentable,8,180,95,C-11
V-00047,2025-12-12,P-003,Producto con margen bajo,9,105,100,C-12
V-00048,2025-12-12,P-004,Producto por agotarse,20,160,105,C-13
V-00049,2025-12-12,P-006,Producto estacional detenido,6,210,140,C-14
V-00050,2025-12-13,P-001,Producto rentable,3,180,95,C-15
V-00051,2025-12-13,P-003,Producto con margen bajo,5,105,100,C-16
V-00052,2025-12-13,P-004,Producto por agotarse,18,160,105,C-17
V-00053,2025-12-13,P-006,Producto estacional detenido,2,210,140,C-18
V-00054,2025-12-14,P-001,Producto rentable,2,180,95,C-01
V-00055,2025-12-14,P-002,Producto sobreabastecido,1,250,170,C-02
V-00056,2025-12-14,P-003,Producto con margen bajo,4,105,100,C-03
V-00057,2025-12-14,P-004,Producto por agotarse,16,160,105,C-04
V-00058,2025-12-14,P-006,Producto estacional detenido,1,210,140,C-05
V-00059,2025-12-15,P-001,Producto rentable,4,180,95,C-06
V-00060,2025-12-15,P-002,Producto sobreabastecido,2,250,170,C-07
V-00061,2025-12-15,P-003,Producto con margen bajo,8,105,100,C-08
V-00062,2025-12-15,P-004,Producto por agotarse,5,160,105,C-09
V-00063,2025-12-15,P-006,Producto estacional detenido,3,210,140,C-10
V-00064,2025-12-16,P-001,Producto rentable,5,180,95,C-11
V-00065,2025-12-16,P-003,Producto con margen bajo,8,105,100,C-12
V-00066,2025-12-16,P-004,Producto por agotarse,6,160,105,C-13
V-00067,2025-12-16,P-006,Producto estacional detenido,4,210,140,C-14
V-00068,2025-12-17,P-001,Producto rentable,5,180,95,C-15
V-00069,2025-12-17,P-003,Producto con margen bajo,7,105,100,C-16
V-00070,2025-12-17,P-004,Producto por agotarse,7,160,105,C-17
V-00071,2025-12-17,P-006,Producto estacional detenido,4,210,140,C-18
V-00072,2025-12-18,P-001,Producto rentable,6,180,95,C-01
V-00073,2025-12-18,P-003,Producto con margen bajo,7,105,100,C-02
V-00074,2025-12-18,P-004,Producto por agotarse,8,160,105,C-03
V-00075,2025-12-18,P-006,Producto estacional detenido,5,210,140,C-04
V-00076,2025-12-19,P-001,Producto rentable,8,180,95,C-05
V-00077,2025-12-19,P-003,Producto con margen bajo,9,105,100,C-06
V-00078,2025-12-19,P-004,Producto por agotarse,10,160,105,C-07
V-00079,2025-12-19,P-006,Producto estacional detenido,6,210,140,C-08
V-00080,2025-12-20,P-001,Producto rentable,10,180,95,C-09
V-00081,2025-12-20,P-003,Producto con margen bajo,5,105,100,C-10
V-00082,2025-12-20,P-004,Producto por agotarse,8,160,105,C-11
V-00083,2025-12-20,P-006,Producto estacional detenido,2,210,140,C-12
V-00084,2025-12-21,P-001,Producto rentable,2,180,95,C-13
V-00085,2025-12-21,P-003,Producto con margen bajo,4,105,100,C-14
V-00086,2025-12-21,P-004,Producto por agotarse,6,160,105,C-15
V-00087,2025-12-21,P-006,Producto estacional detenido,1,210,140,C-16
V-00088,2025-12-22,P-001,Producto rentable,4,180,95,C-17
V-00089,2025-12-22,P-003,Producto con margen bajo,8,105,100,C-18
V-00090,2025-12-22,P-004,Producto por agotarse,5,160,105,C-01
V-00091,2025-12-22,P-006,Producto estacional detenido,3,210,140,C-02
V-00092,2025-12-23,P-001,Producto rentable,5,180,95,C-03
V-00093,2025-12-23,P-003,Producto con margen bajo,8,105,100,C-04
V-00094,2025-12-23,P-004,Producto por agotarse,6,160,105,C-05
V-00095,2025-12-23,P-006,Producto estacional detenido,4,210,140,C-06
V-00096,2025-12-24,P-001,Producto rentable,5,180,95,C-07
V-00097,2025-12-24,P-003,Producto con margen bajo,7,105,100,C-08
V-00098,2025-12-24,P-004,Producto por agotarse,7,160,105,C-09
V-00099,2025-12-24,P-006,Producto estacional detenido,4,210,140,C-10
V-00100,2025-12-25,P-001,Producto rentable,6,180,95,C-11
V-00101,2025-12-25,P-003,Producto con margen bajo,9,105,100,C-12
V-00102,2025-12-25,P-004,Producto por agotarse,8,160,105,C-13
V-00103,2025-12-25,P-006,Producto estacional detenido,5,210,140,C-14
V-00104,2025-12-26,P-001,Producto rentable,8,180,95,C-15
V-00105,2025-12-26,P-003,Producto con margen bajo,9,105,100,C-16
V-00106,2025-12-26,P-004,Producto por agotarse,10,160,105,C-17
V-00107,2025-12-26,P-006,Producto estacional detenido,6,210,140,C-18
V-00108,2025-12-27,P-001,Producto rentable,3,180,95,C-01
V-00109,2025-12-27,P-002,Producto sobreabastecido,1,250,170,C-02
V-00110,2025-12-27,P-003,Producto con margen bajo,5,105,100,C-03
V-00111,2025-12-27,P-004,Producto por agotarse,8,160,105,C-04
V-00112,2025-12-27,P-006,Producto estacional detenido,2,210,140,C-05
V-00113,2025-12-28,P-001,Producto rentable,2,180,95,C-06
V-00114,2025-12-28,P-003,Producto con margen bajo,4,105,100,C-07
V-00115,2025-12-28,P-004,Producto por agotarse,6,160,105,C-08
V-00116,2025-12-28,P-006,Producto estacional detenido,1,210,140,C-09
V-00117,2025-12-29,P-001,Producto rentable,4,180,95,C-10
V-00118,2025-12-29,P-003,Producto con margen bajo,8,105,100,C-11
V-00119,2025-12-29,P-004,Producto por agotarse,5,160,105,C-12
V-00120,2025-12-29,P-006,Producto estacional detenido,3,210,140,C-13
V-00121,2025-12-30,P-001,Producto rentable,5,180,95,C-14
V-00122,2025-12-30,P-003,Producto con margen bajo,8,105,100,C-15
V-00123,2025-12-30,P-004,Producto por agotarse,6,160,105,C-16
V-00124,2025-12-30,P-006,Producto estacional detenido,4,210,140,C-17
V-00125,2025-12-31,P-001,Producto rentable,5,180,95,C-18
V-00126,2025-12-31,P-003,Producto con margen bajo,7,105,100,C-01
V-00127,2025-12-31,P-004,Producto por agotarse,7,160,105,C-02
V-00128,2025-12-31,P-006,Producto estacional detenido,4,210,140,C-03
V-00129,2026-01-01,P-001,Producto rentable,6,180,95,C-04
V-00130,2026-01-01,P-002,Producto sobreabastecido,2,250,170,C-05
V-00131,2026-01-01,P-003,Producto con margen bajo,7,105,100,C-06
V-00132,2026-01-01,P-004,Producto por agotarse,8,160,105,C-07
V-00133,2026-01-01,P-006,Producto estacional detenido,5,210,140,C-08
V-00134,2026-01-02,P-001,Producto rentable,8,180,95,C-09
V-00135,2026-01-02,P-003,Producto con margen bajo,9,105,100,C-10
V-00136,2026-01-02,P-004,Producto por agotarse,10,160,105,C-11
V-00137,2026-01-02,P-006,Producto estacional detenido,6,210,140,C-12
V-00138,2026-01-03,P-001,Producto rentable,3,180,95,C-13
V-00139,2026-01-03,P-003,Producto con margen bajo,5,105,100,C-14
V-00140,2026-01-03,P-004,Producto por agotarse,8,160,105,C-15
V-00141,2026-01-03,P-006,Producto estacional detenido,2,210,140,C-16
V-00142,2026-01-04,P-001,Producto rentable,2,180,95,C-17
V-00143,2026-01-04,P-003,Producto con margen bajo,4,105,100,C-18
V-00144,2026-01-04,P-004,Producto por agotarse,6,160,105,C-01
V-00145,2026-01-04,P-006,Producto estacional detenido,1,210,140,C-02
V-00146,2026-01-05,P-001,Producto rentable,11,180,95,C-03
V-00147,2026-01-05,P-003,Producto con margen bajo,8,105,100,C-04
V-00148,2026-01-05,P-004,Producto por agotarse,6,160,105,C-05
V-00149,2026-01-05,P-006,Producto estacional detenido,3,210,140,C-06
V-00150,2026-01-06,P-001,Producto rentable,5,180,95,C-07
V-00151,2026-01-06,P-003,Producto con margen bajo,8,105,100,C-08
V-00152,2026-01-06,P-004,Producto por agotarse,7,160,105,C-09
V-00153,2026-01-06,P-006,Producto estacional detenido,4,210,140,C-10
V-00154,2026-01-07,P-001,Producto rentable,5,180,95,C-11
V-00155,2026-01-07,P-003,Producto con margen bajo,7,105,100,C-12
V-00156,2026-01-07,P-004,Producto por agotarse,8,160,105,C-13
V-00157,2026-01-07,P-006,Producto estacional detenido,4,210,140,C-14
V-00158,2026-01-08,P-001,Producto rentable,6,180,95,C-15
V-00159,2026-01-08,P-003,Producto con margen bajo,7,105,100,C-16
V-00160,2026-01-08,P-004,Producto por agotarse,9,160,105,C-17
V-00161,2026-01-08,P-006,Producto estacional detenido,5,210,140,C-18
V-00162,2026-01-09,P-001,Producto rentable,8,180,95,C-01
V-00163,2026-01-09,P-002,Producto sobreabastecido,1,250,170,C-02
V-00164,2026-01-09,P-003,Producto con margen bajo,9,105,100,C-03
V-00165,2026-01-09,P-004,Producto por agotarse,11,160,105,C-04
V-00166,2026-01-09,P-006,Producto estacional detenido,6,210,140,C-05
V-00167,2026-01-10,P-001,Producto rentable,3,180,95,C-06
V-00168,2026-01-10,P-003,Producto con margen bajo,7,105,100,C-07
V-00169,2026-01-10,P-004,Producto por agotarse,9,160,105,C-08
V-00170,2026-01-10,P-006,Producto estacional detenido,2,210,140,C-09
V-00171,2026-01-11,P-001,Producto rentable,2,180,95,C-10
V-00172,2026-01-11,P-003,Producto con margen bajo,4,105,100,C-11
V-00173,2026-01-11,P-004,Producto por agotarse,7,160,105,C-12
V-00174,2026-01-11,P-006,Producto estacional detenido,1,210,140,C-13
V-00175,2026-01-12,P-001,Producto rentable,4,180,95,C-14
V-00176,2026-01-12,P-003,Producto con margen bajo,8,105,100,C-15
V-00177,2026-01-12,P-004,Producto por agotarse,16,160,105,C-16
V-00178,2026-01-12,P-006,Producto estacional detenido,3,210,140,C-17
V-00179,2026-01-13,P-001,Producto rentable,5,180,95,C-18
V-00180,2026-01-13,P-003,Producto con margen bajo,8,105,100,C-01
V-00181,2026-01-13,P-004,Producto por agotarse,17,160,105,C-02
V-00182,2026-01-13,P-006,Producto estacional detenido,4,210,140,C-03
V-00183,2026-01-14,P-001,Producto rentable,5,180,95,C-04
V-00184,2026-01-14,P-003,Producto con margen bajo,7,105,100,C-05
V-00185,2026-01-14,P-004,Producto por agotarse,18,160,105,C-06
V-00186,2026-01-14,P-006,Producto estacional detenido,4,210,140,C-07
V-00187,2026-01-15,P-001,Producto rentable,6,180,95,C-08
V-00188,2026-01-15,P-002,Producto sobreabastecido,2,250,170,C-09
V-00189,2026-01-15,P-003,Producto con margen bajo,7,105,100,C-10
V-00190,2026-01-15,P-004,Producto por agotarse,9,160,105,C-11
V-00191,2026-01-15,P-006,Producto estacional detenido,5,210,140,C-12
V-00192,2026-01-16,P-001,Producto rentable,8,180,95,C-13
V-00193,2026-01-16,P-003,Producto con margen bajo,9,105,100,C-14
V-00194,2026-01-16,P-004,Producto por agotarse,11,160,105,C-15
V-00195,2026-01-16,P-006,Producto estacional detenido,6,210,140,C-16
V-00196,2026-01-17,P-001,Producto rentable,3,180,95,C-17
V-00197,2026-01-17,P-003,Producto con margen bajo,5,105,100,C-18
V-00198,2026-01-17,P-004,Producto por agotarse,9,160,105,C-01
V-00199,2026-01-17,P-006,Producto estacional detenido,2,210,140,C-02
V-00200,2026-01-18,P-001,Producto rentable,2,180,95,C-03
V-00201,2026-01-18,P-003,Producto con margen bajo,4,105,100,C-04
V-00202,2026-01-18,P-004,Producto por agotarse,7,160,105,C-05
V-00203,2026-01-18,P-006,Producto estacional detenido,1,210,140,C-06
V-00204,2026-01-19,P-001,Producto rentable,4,180,95,C-07
V-00205,2026-01-19,P-003,Producto con margen bajo,8,105,100,C-08
V-00206,2026-01-19,P-004,Producto por agotarse,6,160,105,C-09
V-00207,2026-01-19,P-006,Producto estacional detenido,3,210,140,C-10
V-00208,2026-01-20,P-001,Producto rentable,12,180,95,C-11
V-00209,2026-01-20,P-003,Producto con margen bajo,8,105,100,C-12
V-00210,2026-01-20,P-004,Producto por agotarse,7,160,105,C-13
V-00211,2026-01-20,P-006,Producto estacional detenido,4,210,140,C-14
V-00212,2026-01-21,P-001,Producto rentable,5,180,95,C-15
V-00213,2026-01-21,P-003,Producto con margen bajo,7,105,100,C-16
V-00214,2026-01-21,P-004,Producto por agotarse,8,160,105,C-17
V-00215,2026-01-21,P-006,Producto estacional detenido,4,210,140,C-18
V-00216,2026-01-22,P-001,Producto rentable,6,180,95,C-01
V-00217,2026-01-22,P-002,Producto sobreabastecido,1,250,170,C-02
V-00218,2026-01-22,P-003,Producto con margen bajo,7,105,100,C-03
V-00219,2026-01-22,P-004,Producto por agotarse,9,160,105,C-04
V-00220,2026-01-22,P-006,Producto estacional detenido,5,210,140,C-05
V-00221,2026-01-23,P-001,Producto rentable,8,180,95,C-06
V-00222,2026-01-23,P-003,Producto con margen bajo,9,105,100,C-07
V-00223,2026-01-23,P-004,Producto por agotarse,11,160,105,C-08
V-00224,2026-01-23,P-006,Producto estacional detenido,6,210,140,C-09
V-00225,2026-01-24,P-001,Producto rentable,3,180,95,C-10
V-00226,2026-01-24,P-003,Producto con margen bajo,5,105,100,C-11
V-00227,2026-01-24,P-004,Producto por agotarse,9,160,105,C-12
V-00228,2026-01-24,P-006,Producto estacional detenido,2,210,140,C-13
V-00229,2026-01-25,P-001,Producto rentable,2,180,95,C-14
V-00230,2026-01-25,P-003,Producto con margen bajo,6,105,100,C-15
V-00231,2026-01-25,P-004,Producto por agotarse,7,160,105,C-16
V-00232,2026-01-25,P-006,Producto estacional detenido,1,210,140,C-17
V-00233,2026-01-26,P-001,Producto rentable,4,180,95,C-18
V-00234,2026-01-26,P-003,Producto con margen bajo,8,105,100,C-01
V-00235,2026-01-26,P-004,Producto por agotarse,6,160,105,C-02
V-00236,2026-01-26,P-006,Producto estacional detenido,3,210,140,C-03
V-00237,2026-01-27,P-001,Producto rentable,5,180,95,C-04
V-00238,2026-01-27,P-003,Producto con margen bajo,8,105,100,C-05
V-00239,2026-01-27,P-004,Producto por agotarse,7,160,105,C-06
V-00240,2026-01-27,P-006,Producto estacional detenido,4,210,140,C-07
V-00241,2026-01-28,P-001,Producto rentable,5,180,95,C-08
V-00242,2026-01-28,P-003,Producto con margen bajo,7,105,100,C-09
V-00243,2026-01-28,P-004,Producto por agotarse,8,160,105,C-10
V-00244,2026-01-28,P-006,Producto estacional detenido,4,210,140,C-11
V-00245,2026-01-29,P-001,Producto rentable,6,180,95,C-12
V-00246,2026-01-29,P-003,Producto con margen bajo,7,105,100,C-13
V-00247,2026-01-29,P-004,Producto por agotarse,9,160,105,C-14
V-00248,2026-01-29,P-006,Producto estacional detenido,5,210,140,C-15
V-00249,2026-01-30,P-001,Producto rentable,8,180,95,C-16
V-00250,2026-01-30,P-003,Producto con margen bajo,9,105,100,C-17
V-00251,2026-01-30,P-004,Producto por agotarse,11,160,105,C-18
V-00252,2026-01-30,P-006,Producto estacional detenido,6,210,140,C-01
V-00253,2026-01-31,P-001,Producto rentable,3,180,95,C-02
V-00254,2026-01-31,P-003,Producto con margen bajo,5,105,100,C-03
V-00255,2026-01-31,P-004,Producto por agotarse,9,160,105,C-04
V-00256,2026-01-31,P-006,Producto estacional detenido,2,210,140,C-05
V-00257,2026-02-01,P-001,Producto rentable,2,180,95,C-06
V-00258,2026-02-01,P-002,Producto sobreabastecido,2,250,170,C-07
V-00259,2026-02-01,P-003,Producto con margen bajo,4,105,100,C-08
V-00260,2026-02-01,P-004,Producto por agotarse,7,160,105,C-09
V-00261,2026-02-01,P-006,Producto estacional detenido,1,210,140,C-10
V-00262,2026-02-02,P-001,Producto rentable,4,180,95,C-11
V-00263,2026-02-02,P-003,Producto con margen bajo,8,105,100,C-12
V-00264,2026-02-02,P-004,Producto por agotarse,6,160,105,C-13
V-00265,2026-02-02,P-006,Producto estacional detenido,3,210,140,C-14
V-00266,2026-02-03,P-001,Producto rentable,5,180,95,C-15
V-00267,2026-02-03,P-003,Producto con margen bajo,8,105,100,C-16
V-00268,2026-02-03,P-004,Producto por agotarse,7,160,105,C-17
V-00269,2026-02-03,P-006,Producto estacional detenido,4,210,140,C-18
V-00270,2026-02-04,P-001,Producto rentable,5,180,95,C-01
V-00271,2026-02-04,P-002,Producto sobreabastecido,1,250,170,C-02
V-00272,2026-02-04,P-003,Producto con margen bajo,7,105,100,C-03
V-00273,2026-02-04,P-004,Producto por agotarse,8,160,105,C-04
V-00274,2026-02-04,P-006,Producto estacional detenido,4,210,140,C-05
V-00275,2026-02-05,P-001,Producto rentable,13,180,95,C-06
V-00276,2026-02-05,P-003,Producto con margen bajo,7,105,100,C-07
V-00277,2026-02-05,P-004,Producto por agotarse,9,160,105,C-08
V-00278,2026-02-05,P-006,Producto estacional detenido,5,210,140,C-09
V-00279,2026-02-06,P-001,Producto rentable,8,180,95,C-10
V-00280,2026-02-06,P-003,Producto con margen bajo,9,105,100,C-11
V-00281,2026-02-06,P-004,Producto por agotarse,11,160,105,C-12
V-00282,2026-02-06,P-006,Producto estacional detenido,6,210,140,C-13
V-00283,2026-02-07,P-001,Producto rentable,3,180,95,C-14
V-00284,2026-02-07,P-003,Producto con margen bajo,5,105,100,C-15
V-00285,2026-02-07,P-004,Producto por agotarse,9,160,105,C-16
V-00286,2026-02-07,P-006,Producto estacional detenido,2,210,140,C-17
V-00287,2026-02-08,P-001,Producto rentable,2,180,95,C-18
V-00288,2026-02-08,P-003,Producto con margen bajo,4,105,100,C-01
V-00289,2026-02-08,P-004,Producto por agotarse,7,160,105,C-02
V-00290,2026-02-08,P-006,Producto estacional detenido,1,210,140,C-03
V-00291,2026-02-09,P-001,Producto rentable,5,180,95,C-04
V-00292,2026-02-09,P-003,Producto con margen bajo,8,105,100,C-05
V-00293,2026-02-09,P-004,Producto por agotarse,7,160,105,C-06
V-00294,2026-02-09,P-006,Producto estacional detenido,3,210,140,C-07
V-00295,2026-02-10,P-001,Producto rentable,6,180,95,C-08
V-00296,2026-02-10,P-003,Producto con margen bajo,10,105,100,C-09
V-00297,2026-02-10,P-004,Producto por agotarse,8,160,105,C-10
V-00298,2026-02-10,P-006,Producto estacional detenido,4,210,140,C-11
V-00299,2026-02-11,P-001,Producto rentable,6,180,95,C-12
V-00300,2026-02-11,P-003,Producto con margen bajo,7,105,100,C-13
V-00301,2026-02-11,P-004,Producto por agotarse,9,160,105,C-14
V-00302,2026-02-11,P-006,Producto estacional detenido,4,210,140,C-15
V-00303,2026-02-12,P-001,Producto rentable,7,180,95,C-16
V-00304,2026-02-12,P-003,Producto con margen bajo,7,105,100,C-17
V-00305,2026-02-12,P-004,Producto por agotarse,20,160,105,C-18
V-00306,2026-02-12,P-006,Producto estacional detenido,5,210,140,C-01
V-00307,2026-02-13,P-001,Producto rentable,9,180,95,C-02
V-00308,2026-02-13,P-003,Producto con margen bajo,9,105,100,C-03
V-00309,2026-02-13,P-004,Producto por agotarse,22,160,105,C-04
V-00310,2026-02-13,P-006,Producto estacional detenido,6,210,140,C-05
V-00311,2026-02-14,P-001,Producto rentable,4,180,95,C-06
V-00312,2026-02-14,P-003,Producto con margen bajo,5,105,100,C-07
V-00313,2026-02-14,P-004,Producto por agotarse,20,160,105,C-08
V-00314,2026-02-14,P-006,Producto estacional detenido,2,210,140,C-09
V-00315,2026-02-15,P-001,Producto rentable,3,180,95,C-10
V-00316,2026-02-15,P-002,Producto sobreabastecido,2,250,170,C-11
V-00317,2026-02-15,P-003,Producto con margen bajo,4,105,100,C-12
V-00318,2026-02-15,P-004,Producto por agotarse,8,160,105,C-13
V-00319,2026-02-15,P-006,Producto estacional detenido,1,210,140,C-14
V-00320,2026-02-16,P-001,Producto rentable,5,180,95,C-15
V-00321,2026-02-16,P-003,Producto con margen bajo,8,105,100,C-16
V-00322,2026-02-16,P-004,Producto por agotarse,7,160,105,C-17
V-00323,2026-02-16,P-006,Producto estacional detenido,3,210,140,C-18
V-00324,2026-02-17,P-001,Producto rentable,6,180,95,C-01
V-00325,2026-02-17,P-002,Producto sobreabastecido,1,250,170,C-02
V-00326,2026-02-17,P-003,Producto con margen bajo,8,105,100,C-03
V-00327,2026-02-17,P-004,Producto por agotarse,8,160,105,C-04
V-00328,2026-02-17,P-006,Producto estacional detenido,4,210,140,C-05
V-00329,2026-02-18,P-001,Producto rentable,6,180,95,C-06
V-00330,2026-02-18,P-003,Producto con margen bajo,7,105,100,C-07
V-00331,2026-02-18,P-004,Producto por agotarse,9,160,105,C-08
V-00332,2026-02-18,P-006,Producto estacional detenido,4,210,140,C-09
V-00333,2026-02-19,P-001,Producto rentable,7,180,95,C-10
V-00334,2026-02-19,P-003,Producto con margen bajo,7,105,100,C-11
V-00335,2026-02-19,P-004,Producto por agotarse,10,160,105,C-12
V-00336,2026-02-19,P-006,Producto estacional detenido,5,210,140,C-13
V-00337,2026-02-20,P-001,Producto rentable,16,180,95,C-14
V-00338,2026-02-20,P-003,Producto con margen bajo,9,105,100,C-15
V-00339,2026-02-20,P-004,Producto por agotarse,12,160,105,C-16
V-00340,2026-02-20,P-006,Producto estacional detenido,6,210,140,C-17
V-00341,2026-02-21,P-001,Producto rentable,4,180,95,C-18
V-00342,2026-02-21,P-003,Producto con margen bajo,5,105,100,C-01
V-00343,2026-02-21,P-004,Producto por agotarse,10,160,105,C-02
V-00344,2026-02-21,P-006,Producto estacional detenido,2,210,140,C-03
V-00345,2026-02-22,P-001,Producto rentable,3,180,95,C-04
V-00346,2026-02-22,P-003,Producto con margen bajo,4,105,100,C-05
V-00347,2026-02-22,P-004,Producto por agotarse,8,160,105,C-06
V-00348,2026-02-22,P-006,Producto estacional detenido,1,210,140,C-07
V-00349,2026-02-23,P-001,Producto rentable,5,180,95,C-08
V-00350,2026-02-23,P-003,Producto con margen bajo,8,105,100,C-09
V-00351,2026-02-23,P-004,Producto por agotarse,7,160,105,C-10
V-00352,2026-02-23,P-006,Producto estacional detenido,3,210,140,C-11
V-00353,2026-02-24,P-001,Producto rentable,6,180,95,C-12
V-00354,2026-02-24,P-003,Producto con margen bajo,8,105,100,C-13
V-00355,2026-02-24,P-004,Producto por agotarse,8,160,105,C-14
V-00356,2026-02-24,P-006,Producto estacional detenido,4,210,140,C-15
V-00357,2026-02-25,P-001,Producto rentable,6,180,95,C-16
V-00358,2026-02-25,P-003,Producto con margen bajo,9,105,100,C-17
V-00359,2026-02-25,P-004,Producto por agotarse,9,160,105,C-18
V-00360,2026-02-25,P-006,Producto estacional detenido,4,210,140,C-01
V-00361,2026-02-26,P-001,Producto rentable,7,180,95,C-02
V-00362,2026-02-26,P-003,Producto con margen bajo,7,105,100,C-03
V-00363,2026-02-26,P-004,Producto por agotarse,10,160,105,C-04
V-00364,2026-02-26,P-006,Producto estacional detenido,5,210,140,C-05
V-00365,2026-02-27,P-001,Producto rentable,9,180,95,C-06
V-00366,2026-02-27,P-003,Producto con margen bajo,9,105,100,C-07
V-00367,2026-02-27,P-004,Producto por agotarse,12,160,105,C-08
V-00368,2026-02-27,P-006,Producto estacional detenido,6,210,140,C-09
V-00369,2026-02-28,P-001,Producto rentable,4,180,95,C-10
V-00370,2026-02-28,P-003,Producto con margen bajo,5,105,100,C-11
V-00371,2026-02-28,P-004,Producto por agotarse,10,160,105,C-12
V-00372,2026-02-28,P-006,Producto estacional detenido,2,210,140,C-13
V-00373,2026-03-01,P-001,Producto rentable,3,180,95,C-14
V-00374,2026-03-01,P-002,Producto sobreabastecido,2,250,170,C-15
V-00375,2026-03-01,P-003,Producto con margen bajo,4,105,100,C-16
V-00376,2026-03-01,P-004,Producto por agotarse,8,160,105,C-17
V-00377,2026-03-01,P-006,Producto estacional detenido,1,210,140,C-18
V-00378,2026-03-02,P-001,Producto rentable,5,180,95,C-01
V-00379,2026-03-02,P-002,Producto sobreabastecido,1,250,170,C-02
V-00380,2026-03-02,P-003,Producto con margen bajo,8,105,100,C-03
V-00381,2026-03-02,P-004,Producto por agotarse,7,160,105,C-04
V-00382,2026-03-02,P-006,Producto estacional detenido,3,210,140,C-05
V-00383,2026-03-03,P-001,Producto rentable,6,180,95,C-06
V-00384,2026-03-03,P-003,Producto con margen bajo,8,105,100,C-07
V-00385,2026-03-03,P-004,Producto por agotarse,8,160,105,C-08
V-00386,2026-03-03,P-006,Producto estacional detenido,4,210,140,C-09
V-00387,2026-03-04,P-001,Producto rentable,6,180,95,C-10
V-00388,2026-03-04,P-003,Producto con margen bajo,7,105,100,C-11
V-00389,2026-03-04,P-004,Producto por agotarse,9,160,105,C-12
V-00390,2026-03-05,P-001,Producto rentable,14,180,95,C-13
V-00391,2026-03-05,P-003,Producto con margen bajo,7,105,100,C-14
V-00392,2026-03-05,P-004,Producto por agotarse,10,160,105,C-15
V-00393,2026-03-06,P-001,Producto rentable,9,180,95,C-16
V-00394,2026-03-06,P-003,Producto con margen bajo,9,105,100,C-17
V-00395,2026-03-06,P-004,Producto por agotarse,12,160,105,C-18
V-00396,2026-03-07,P-001,Producto rentable,4,180,95,C-01
V-00397,2026-03-07,P-003,Producto con margen bajo,5,105,100,C-02
V-00398,2026-03-07,P-004,Producto por agotarse,10,160,105,C-03
V-00399,2026-03-08,P-001,Producto rentable,3,180,95,C-04
V-00400,2026-03-08,P-003,Producto con margen bajo,4,105,100,C-05
V-00401,2026-03-08,P-004,Producto por agotarse,8,160,105,C-06
V-00402,2026-03-09,P-001,Producto rentable,5,180,95,C-07
V-00403,2026-03-09,P-003,Producto con margen bajo,8,105,100,C-08
V-00404,2026-03-09,P-004,Producto por agotarse,7,160,105,C-09
V-00405,2026-03-10,P-001,Producto rentable,6,180,95,C-10
V-00406,2026-03-10,P-003,Producto con margen bajo,10,105,100,C-11
V-00407,2026-03-10,P-004,Producto por agotarse,8,160,105,C-12
V-00408,2026-03-11,P-001,Producto rentable,6,180,95,C-13
V-00409,2026-03-11,P-003,Producto con margen bajo,7,105,100,C-14
V-00410,2026-03-11,P-004,Producto por agotarse,9,160,105,C-15
V-00411,2026-03-12,P-001,Producto rentable,7,180,95,C-16
V-00412,2026-03-12,P-003,Producto con margen bajo,7,105,100,C-17
V-00413,2026-03-12,P-004,Producto por agotarse,20,160,105,C-18
V-00414,2026-03-13,P-001,Producto rentable,9,180,95,C-01
V-00415,2026-03-13,P-003,Producto con margen bajo,9,105,100,C-02
V-00416,2026-03-13,P-004,Producto por agotarse,22,160,105,C-03
V-00417,2026-03-14,P-001,Producto rentable,4,180,95,C-04
V-00418,2026-03-14,P-003,Producto con margen bajo,5,105,100,C-05
V-00419,2026-03-14,P-004,Producto por agotarse,20,160,105,C-06
V-00420,2026-03-15,P-001,Producto rentable,3,180,95,C-07
V-00421,2026-03-15,P-002,Producto sobreabastecido,2,250,170,C-08
V-00422,2026-03-15,P-003,Producto con margen bajo,4,105,100,C-09
V-00423,2026-03-15,P-004,Producto por agotarse,8,160,105,C-10
V-00424,2026-03-16,P-001,Producto rentable,5,180,95,C-11
V-00425,2026-03-16,P-003,Producto con margen bajo,8,105,100,C-12
V-00426,2026-03-16,P-004,Producto por agotarse,8,160,105,C-13
V-00427,2026-03-17,P-001,Producto rentable,6,180,95,C-14
V-00428,2026-03-17,P-003,Producto con margen bajo,8,105,100,C-15
V-00429,2026-03-17,P-004,Producto por agotarse,9,160,105,C-16
V-00430,2026-03-18,P-001,Producto rentable,6,180,95,C-17
V-00431,2026-03-18,P-003,Producto con margen bajo,7,105,100,C-18
V-00432,2026-03-18,P-004,Producto por agotarse,10,160,105,C-01
V-00433,2026-03-19,P-001,Producto rentable,7,180,95,C-02
V-00434,2026-03-19,P-003,Producto con margen bajo,7,105,100,C-03
V-00435,2026-03-19,P-004,Producto por agotarse,11,160,105,C-04
V-00436,2026-03-20,P-001,Producto rentable,16,180,95,C-05
V-00437,2026-03-20,P-003,Producto con margen bajo,9,105,100,C-06
V-00438,2026-03-20,P-004,Producto por agotarse,13,160,105,C-07
V-00439,2026-03-21,P-001,Producto rentable,4,180,95,C-08
V-00440,2026-03-21,P-003,Producto con margen bajo,5,105,100,C-09
V-00441,2026-03-21,P-004,Producto por agotarse,11,160,105,C-10
V-00442,2026-03-22,P-001,Producto rentable,3,180,95,C-11
V-00443,2026-03-22,P-003,Producto con margen bajo,4,105,100,C-12
V-00444,2026-03-22,P-004,Producto por agotarse,9,160,105,C-13
V-00445,2026-03-23,P-001,Producto rentable,5,180,95,C-14
V-00446,2026-03-23,P-003,Producto con margen bajo,8,105,100,C-15
V-00447,2026-03-23,P-004,Producto por agotarse,8,160,105,C-16
V-00448,2026-03-24,P-001,Producto rentable,6,180,95,C-17
V-00449,2026-03-24,P-003,Producto con margen bajo,8,105,100,C-18
V-00450,2026-03-24,P-004,Producto por agotarse,9,160,105,C-01
V-00451,2026-03-25,P-001,Producto rentable,6,180,95,C-02
V-00452,2026-03-25,P-003,Producto con margen bajo,9,105,100,C-03
V-00453,2026-03-25,P-004,Producto por agotarse,10,160,105,C-04
V-00454,2026-03-26,P-001,Producto rentable,7,180,95,C-05
V-00455,2026-03-26,P-003,Producto con margen bajo,7,105,100,C-06
V-00456,2026-03-26,P-004,Producto por agotarse,11,160,105,C-07
V-00457,2026-03-27,P-001,Producto rentable,9,180,95,C-08
V-00458,2026-03-27,P-003,Producto con margen bajo,9,105,100,C-09
V-00459,2026-03-27,P-004,Producto por agotarse,13,160,105,C-10
V-00460,2026-03-28,P-001,Producto rentable,4,180,95,C-11
V-00461,2026-03-28,P-002,Producto sobreabastecido,1,250,170,C-12
V-00462,2026-03-28,P-003,Producto con margen bajo,5,105,100,C-13
V-00463,2026-03-28,P-004,Producto por agotarse,11,160,105,C-14
V-00464,2026-03-29,P-001,Producto rentable,3,180,95,C-15
V-00465,2026-03-29,P-003,Producto con margen bajo,4,105,100,C-16
V-00466,2026-03-29,P-004,Producto por agotarse,9,160,105,C-17
V-00467,2026-03-30,P-001,Producto rentable,5,180,95,C-18
V-00468,2026-03-30,P-003,Producto con margen bajo,8,105,100,C-01
V-00469,2026-03-30,P-004,Producto por agotarse,8,160,105,C-02
V-00470,2026-03-31,P-001,Producto rentable,6,180,95,C-03
V-00471,2026-03-31,P-003,Producto con margen bajo,8,105,100,C-04
V-00472,2026-03-31,P-004,Producto por agotarse,9,160,105,C-05
V-00473,2026-04-01,P-001,Producto rentable,6,180,95,C-06
V-00474,2026-04-01,P-002,Producto sobreabastecido,2,250,170,C-07
V-00475,2026-04-01,P-003,Producto con margen bajo,7,105,100,C-08
V-00476,2026-04-01,P-004,Producto por agotarse,10,160,105,C-09
V-00477,2026-04-02,P-001,Producto rentable,7,180,95,C-10
V-00478,2026-04-02,P-003,Producto con margen bajo,7,105,100,C-11
V-00479,2026-04-02,P-004,Producto por agotarse,11,160,105,C-12
V-00480,2026-04-03,P-001,Producto rentable,9,180,95,C-13
V-00481,2026-04-03,P-003,Producto con margen bajo,9,105,100,C-14
V-00482,2026-04-03,P-004,Producto por agotarse,13,160,105,C-15
V-00483,2026-04-04,P-001,Producto rentable,4,180,95,C-16
V-00484,2026-04-04,P-003,Producto con margen bajo,5,105,100,C-17
V-00485,2026-04-04,P-004,Producto por agotarse,11,160,105,C-18
V-00486,2026-04-05,P-001,Producto rentable,10,180,95,C-01
V-00487,2026-04-05,P-003,Producto con margen bajo,4,105,100,C-02
V-00488,2026-04-05,P-004,Producto por agotarse,9,160,105,C-03
V-00489,2026-04-06,P-001,Producto rentable,5,180,95,C-04
V-00490,2026-04-06,P-003,Producto con margen bajo,8,105,100,C-05
V-00491,2026-04-06,P-004,Producto por agotarse,8,160,105,C-06
V-00492,2026-04-07,P-001,Producto rentable,6,180,95,C-07
V-00493,2026-04-07,P-003,Producto con margen bajo,8,105,100,C-08
V-00494,2026-04-07,P-004,Producto por agotarse,9,160,105,C-09
V-00495,2026-04-08,P-001,Producto rentable,6,180,95,C-10
V-00496,2026-04-08,P-003,Producto con margen bajo,7,105,100,C-11
V-00497,2026-04-08,P-004,Producto por agotarse,10,160,105,C-12
V-00498,2026-04-09,P-001,Producto rentable,7,180,95,C-13
V-00499,2026-04-09,P-003,Producto con margen bajo,7,105,100,C-14
V-00500,2026-04-09,P-004,Producto por agotarse,11,160,105,C-15
V-00501,2026-04-10,P-001,Producto rentable,9,180,95,C-16
V-00502,2026-04-10,P-002,Producto sobreabastecido,1,250,170,C-17
V-00503,2026-04-10,P-003,Producto con margen bajo,11,105,100,C-18
V-00504,2026-04-10,P-004,Producto por agotarse,13,160,105,C-01
V-00505,2026-04-11,P-001,Producto rentable,4,180,95,C-02
V-00506,2026-04-11,P-003,Producto con margen bajo,5,105,100,C-03
V-00507,2026-04-11,P-004,Producto por agotarse,11,160,105,C-04
V-00508,2026-04-12,P-001,Producto rentable,3,180,95,C-05
V-00509,2026-04-12,P-003,Producto con margen bajo,4,105,100,C-06
V-00510,2026-04-12,P-004,Producto por agotarse,19,160,105,C-07
V-00511,2026-04-13,P-001,Producto rentable,5,180,95,C-08
V-00512,2026-04-13,P-003,Producto con margen bajo,8,105,100,C-09
V-00513,2026-04-13,P-004,Producto por agotarse,18,160,105,C-10
V-00514,2026-04-14,P-001,Producto rentable,6,180,95,C-11
V-00515,2026-04-14,P-003,Producto con margen bajo,8,105,100,C-12
V-00516,2026-04-14,P-004,Producto por agotarse,19,160,105,C-13
V-00517,2026-04-15,P-001,Producto rentable,6,180,95,C-14
V-00518,2026-04-15,P-002,Producto sobreabastecido,2,250,170,C-15
V-00519,2026-04-15,P-003,Producto con margen bajo,7,105,100,C-16
V-00520,2026-04-15,P-004,Producto por agotarse,10,160,105,C-17
V-00521,2026-04-16,P-001,Producto rentable,7,180,95,C-18
V-00522,2026-04-16,P-003,Producto con margen bajo,7,105,100,C-01
V-00523,2026-04-16,P-004,Producto por agotarse,11,160,105,C-02
V-00524,2026-04-17,P-001,Producto rentable,9,180,95,C-03
V-00525,2026-04-17,P-003,Producto con margen bajo,9,105,100,C-04
V-00526,2026-04-17,P-004,Producto por agotarse,13,160,105,C-05
V-00527,2026-04-18,P-001,Producto rentable,4,180,95,C-06
V-00528,2026-04-18,P-003,Producto con margen bajo,5,105,100,C-07
V-00529,2026-04-18,P-004,Producto por agotarse,11,160,105,C-08
V-00530,2026-04-19,P-001,Producto rentable,3,180,95,C-09
V-00531,2026-04-19,P-003,Producto con margen bajo,4,105,100,C-10
V-00532,2026-04-19,P-004,Producto por agotarse,9,160,105,C-11
V-00533,2026-04-20,P-001,Producto rentable,13,180,95,C-12
V-00534,2026-04-20,P-003,Producto con margen bajo,8,105,100,C-13
V-00535,2026-04-20,P-004,Producto por agotarse,9,160,105,C-14
V-00536,2026-04-21,P-001,Producto rentable,7,180,95,C-15
V-00537,2026-04-21,P-003,Producto con margen bajo,8,105,100,C-16
V-00538,2026-04-21,P-004,Producto por agotarse,10,160,105,C-17
V-00539,2026-04-22,P-001,Producto rentable,7,180,95,C-18
V-00540,2026-04-22,P-003,Producto con margen bajo,7,105,100,C-01
V-00541,2026-04-22,P-004,Producto por agotarse,11,160,105,C-02
V-00542,2026-04-23,P-001,Producto rentable,8,180,95,C-03
V-00543,2026-04-23,P-002,Producto sobreabastecido,1,250,170,C-04
V-00544,2026-04-23,P-003,Producto con margen bajo,7,105,100,C-05
V-00545,2026-04-23,P-004,Producto por agotarse,12,160,105,C-06
V-00546,2026-04-24,P-001,Producto rentable,10,180,95,C-07
V-00547,2026-04-24,P-003,Producto con margen bajo,9,105,100,C-08
V-00548,2026-04-24,P-004,Producto por agotarse,14,160,105,C-09
V-00549,2026-04-25,P-001,Producto rentable,5,180,95,C-10
V-00550,2026-04-25,P-003,Producto con margen bajo,7,105,100,C-11
V-00551,2026-04-25,P-004,Producto por agotarse,12,160,105,C-12
V-00552,2026-04-26,P-001,Producto rentable,4,180,95,C-13
V-00553,2026-04-26,P-003,Producto con margen bajo,4,105,100,C-14
V-00554,2026-04-26,P-004,Producto por agotarse,10,160,105,C-15
V-00555,2026-04-27,P-001,Producto rentable,6,180,95,C-16
V-00556,2026-04-27,P-003,Producto con margen bajo,8,105,100,C-17
V-00557,2026-04-27,P-004,Producto por agotarse,9,160,105,C-18
V-00558,2026-04-28,P-001,Producto rentable,7,180,95,C-01
V-00559,2026-04-28,P-003,Producto con margen bajo,8,105,100,C-02
V-00560,2026-04-28,P-004,Producto por agotarse,10,160,105,C-03
V-00561,2026-04-29,P-001,Producto rentable,7,180,95,C-04
V-00562,2026-04-29,P-003,Producto con margen bajo,7,105,100,C-05
V-00563,2026-04-29,P-004,Producto por agotarse,11,160,105,C-06
V-00564,2026-04-30,P-001,Producto rentable,8,180,95,C-07
V-00565,2026-04-30,P-003,Producto con margen bajo,7,105,100,C-08
V-00566,2026-04-30,P-004,Producto por agotarse,12,160,105,C-09
V-00567,2026-05-01,P-001,Producto rentable,10,180,95,C-10
V-00568,2026-05-01,P-002,Producto sobreabastecido,2,250,170,C-11
V-00569,2026-05-01,P-003,Producto con margen bajo,9,105,100,C-12
V-00570,2026-05-01,P-004,Producto por agotarse,14,160,105,C-13
V-00571,2026-05-02,P-001,Producto rentable,5,180,95,C-14
V-00572,2026-05-02,P-003,Producto con margen bajo,5,105,100,C-15
V-00573,2026-05-02,P-004,Producto por agotarse,12,160,105,C-16
V-00574,2026-05-03,P-001,Producto rentable,4,180,95,C-17
V-00575,2026-05-03,P-003,Producto con margen bajo,4,105,100,C-18
V-00576,2026-05-03,P-004,Producto por agotarse,10,160,105,C-01
V-00577,2026-05-04,P-001,Producto rentable,6,180,95,C-02
V-00578,2026-05-04,P-003,Producto con margen bajo,8,105,100,C-03
V-00579,2026-05-04,P-004,Producto por agotarse,9,160,105,C-04
V-00580,2026-05-05,P-001,Producto rentable,14,180,95,C-05
V-00581,2026-05-05,P-003,Producto con margen bajo,8,105,100,C-06
V-00582,2026-05-05,P-004,Producto por agotarse,10,160,105,C-07
V-00583,2026-05-06,P-001,Producto rentable,7,180,95,C-08
V-00584,2026-05-06,P-002,Producto sobreabastecido,1,250,170,C-09
V-00585,2026-05-06,P-003,Producto con margen bajo,7,105,100,C-10
V-00586,2026-05-06,P-004,Producto por agotarse,11,160,105,C-11
V-00587,2026-05-07,P-001,Producto rentable,8,180,95,C-12
V-00588,2026-05-07,P-003,Producto con margen bajo,7,105,100,C-13
V-00589,2026-05-07,P-004,Producto por agotarse,12,160,105,C-14
V-00590,2026-05-08,P-001,Producto rentable,10,180,95,C-15
V-00591,2026-05-08,P-003,Producto con margen bajo,9,105,100,C-16
V-00592,2026-05-08,P-004,Producto por agotarse,14,160,105,C-17
V-00593,2026-05-09,P-001,Producto rentable,5,180,95,C-18
V-00594,2026-05-09,P-003,Producto con margen bajo,5,105,100,C-01
V-00595,2026-05-09,P-004,Producto por agotarse,12,160,105,C-02
V-00596,2026-05-10,P-001,Producto rentable,4,180,95,C-03
V-00597,2026-05-10,P-003,Producto con margen bajo,6,105,100,C-04
V-00598,2026-05-10,P-004,Producto por agotarse,10,160,105,C-05
V-00599,2026-05-11,P-001,Producto rentable,6,180,95,C-06
V-00600,2026-05-11,P-003,Producto con margen bajo,8,105,100,C-07
V-00601,2026-05-11,P-004,Producto por agotarse,9,160,105,C-08
V-00602,2026-05-12,P-001,Producto rentable,7,180,95,C-09
V-00603,2026-05-12,P-003,Producto con margen bajo,8,105,100,C-10
V-00604,2026-05-12,P-004,Producto por agotarse,20,160,105,C-11
V-00605,2026-05-13,P-001,Producto rentable,7,180,95,C-12
V-00606,2026-05-13,P-003,Producto con margen bajo,7,105,100,C-13
V-00607,2026-05-13,P-004,Producto por agotarse,21,160,105,C-14
V-00608,2026-05-14,P-001,Producto rentable,8,180,95,C-15
V-00609,2026-05-14,P-003,Producto con margen bajo,7,105,100,C-16
V-00610,2026-05-14,P-004,Producto por agotarse,22,160,105,C-17
V-00611,2026-05-15,P-001,Producto rentable,10,180,95,C-18
V-00612,2026-05-15,P-002,Producto sobreabastecido,2,250,170,C-01
V-00613,2026-05-15,P-003,Producto con margen bajo,9,105,100,C-02
V-00614,2026-05-15,P-004,Producto por agotarse,14,160,105,C-03
V-00615,2026-05-16,P-001,Producto rentable,5,180,95,C-04
V-00616,2026-05-16,P-003,Producto con margen bajo,5,105,100,C-05
V-00617,2026-05-16,P-004,Producto por agotarse,12,160,105,C-06
V-00618,2026-05-17,P-001,Producto rentable,4,180,95,C-07
V-00619,2026-05-17,P-003,Producto con margen bajo,4,105,100,C-08
V-00620,2026-05-17,P-004,Producto por agotarse,10,160,105,C-09
V-00621,2026-05-18,P-001,Producto rentable,6,180,95,C-10
V-00622,2026-05-18,P-003,Producto con margen bajo,8,105,100,C-11
V-00623,2026-05-18,P-004,Producto por agotarse,9,160,105,C-12
V-00624,2026-05-19,P-001,Producto rentable,7,180,95,C-13
V-00625,2026-05-19,P-002,Producto sobreabastecido,1,250,170,C-14
V-00626,2026-05-19,P-003,Producto con margen bajo,8,105,100,C-15
V-00627,2026-05-19,P-004,Producto por agotarse,10,160,105,C-16
V-00628,2026-05-20,P-001,Producto rentable,14,180,95,C-17
V-00629,2026-05-20,P-003,Producto con margen bajo,7,105,100,C-18
V-00630,2026-05-20,P-004,Producto por agotarse,11,160,105,C-01
V-00631,2026-05-21,P-001,Producto rentable,8,180,95,C-02
V-00632,2026-05-21,P-003,Producto con margen bajo,7,105,100,C-03
V-00633,2026-05-21,P-004,Producto por agotarse,12,160,105,C-04
V-00634,2026-05-22,P-001,Producto rentable,10,180,95,C-05
V-00635,2026-05-22,P-003,Producto con margen bajo,9,105,100,C-06
V-00636,2026-05-22,P-004,Producto por agotarse,14,160,105,C-07
V-00637,2026-05-23,P-001,Producto rentable,5,180,95,C-08
V-00638,2026-05-23,P-003,Producto con margen bajo,5,105,100,C-09
V-00639,2026-05-23,P-004,Producto por agotarse,12,160,105,C-10
V-00640,2026-05-24,P-001,Producto rentable,4,180,95,C-11
V-00641,2026-05-24,P-003,Producto con margen bajo,4,105,100,C-12
V-00642,2026-05-24,P-004,Producto por agotarse,10,160,105,C-13
V-00643,2026-05-25,P-001,Producto rentable,6,180,95,C-14
V-00644,2026-05-25,P-003,Producto con margen bajo,10,105,100,C-15
V-00645,2026-05-25,P-004,Producto por agotarse,10,160,105,C-16
V-00646,2026-05-26,P-001,Producto rentable,7,180,95,C-17
V-00647,2026-05-26,P-003,Producto con margen bajo,8,105,100,C-18
V-00648,2026-05-26,P-004,Producto por agotarse,11,160,105,C-01
V-00649,2026-05-27,P-001,Producto rentable,7,180,95,C-02
V-00650,2026-05-27,P-003,Producto con margen bajo,7,105,100,C-03
V-00651,2026-05-27,P-004,Producto por agotarse,12,160,105,C-04
V-00652,2026-05-28,P-001,Producto rentable,8,180,95,C-05
V-00653,2026-05-28,P-003,Producto con margen bajo,7,105,100,C-06
V-00654,2026-05-28,P-004,Producto por agotarse,13,160,105,C-07
V-00655,2026-05-29,P-001,Producto rentable,10,180,95,C-08
V-00656,2026-05-29,P-003,Producto con margen bajo,9,105,100,C-09
V-00657,2026-05-29,P-004,Producto por agotarse,15,160,105,C-10
V-00658,2026-05-30,P-001,Producto rentable,5,180,95,C-11
V-00659,2026-05-30,P-003,Producto con margen bajo,5,105,100,C-12
V-00660,2026-05-30,P-004,Producto por agotarse,13,160,105,C-13
V-00661,2026-05-31,P-001,Producto rentable,4,180,95,C-14
V-00662,2026-05-31,P-003,Producto con margen bajo,4,105,100,C-15
V-00663,2026-05-31,P-004,Producto por agotarse,11,160,105,C-16
V-00664,2026-06-01,P-001,Producto rentable,6,180,95,C-17
V-00665,2026-06-01,P-002,Producto sobreabastecido,2,250,170,C-18
V-00666,2026-06-01,P-003,Producto con margen bajo,8,105,100,C-01
V-00667,2026-06-01,P-004,Producto por agotarse,10,160,105,C-02
V-00668,2026-06-02,P-001,Producto rentable,7,180,95,C-03
V-00669,2026-06-02,P-003,Producto con margen bajo,8,105,100,C-04
V-00670,2026-06-02,P-004,Producto por agotarse,11,160,105,C-05
V-00671,2026-06-03,P-001,Producto rentable,7,180,95,C-06
V-00672,2026-06-03,P-003,Producto con margen bajo,7,105,100,C-07
V-00673,2026-06-03,P-004,Producto por agotarse,12,160,105,C-08
V-00674,2026-06-04,P-001,Producto rentable,8,180,95,C-09
V-00675,2026-06-04,P-003,Producto con margen bajo,7,105,100,C-10
V-00676,2026-06-04,P-004,Producto por agotarse,13,160,105,C-11
V-00677,2026-06-05,P-001,Producto rentable,17,180,95,C-12
V-00678,2026-06-05,P-003,Producto con margen bajo,9,105,100,C-13
V-00679,2026-06-05,P-004,Producto por agotarse,15,160,105,C-14
V-00680,2026-06-06,P-001,Producto rentable,5,180,95,C-15
V-00681,2026-06-06,P-003,Producto con margen bajo,5,105,100,C-16
V-00682,2026-06-06,P-004,Producto por agotarse,13,160,105,C-17
V-00683,2026-06-07,P-001,Producto rentable,4,180,95,C-18
V-00684,2026-06-07,P-003,Producto con margen bajo,4,105,100,C-01
V-00685,2026-06-07,P-004,Producto por agotarse,11,160,105,C-02
V-00686,2026-06-08,P-001,Producto rentable,6,180,95,C-03
V-00687,2026-06-08,P-003,Producto con margen bajo,8,105,100,C-04
V-00688,2026-06-08,P-004,Producto por agotarse,10,160,105,C-05
V-00689,2026-06-09,P-001,Producto rentable,7,180,95,C-06
V-00690,2026-06-09,P-003,Producto con margen bajo,8,105,100,C-07
V-00691,2026-06-09,P-004,Producto por agotarse,11,160,105,C-08
V-00692,2026-06-10,P-001,Producto rentable,7,180,95,C-09
V-00693,2026-06-10,P-003,Producto con margen bajo,9,105,100,C-10
V-00694,2026-06-10,P-004,Producto por agotarse,12,160,105,C-11
V-00695,2026-06-11,P-001,Producto rentable,8,180,95,C-12
V-00696,2026-06-11,P-003,Producto con margen bajo,7,105,100,C-13
V-00697,2026-06-11,P-004,Producto por agotarse,13,160,105,C-14
V-00698,2026-06-12,P-001,Producto rentable,10,180,95,C-15
V-00699,2026-06-12,P-003,Producto con margen bajo,9,105,100,C-16
V-00700,2026-06-12,P-004,Producto por agotarse,25,160,105,C-17
V-00701,2026-06-13,P-001,Producto rentable,5,180,95,C-18
V-00702,2026-06-13,P-003,Producto con margen bajo,5,105,100,C-01
V-00703,2026-06-13,P-004,Producto por agotarse,23,160,105,C-02
V-00704,2026-06-14,P-001,Producto rentable,4,180,95,C-03
V-00705,2026-06-14,P-002,Producto sobreabastecido,1,250,170,C-04
V-00706,2026-06-14,P-003,Producto con margen bajo,4,105,100,C-05
V-00707,2026-06-14,P-004,Producto por agotarse,21,160,105,C-06
V-00708,2026-06-15,P-001,Producto rentable,6,180,95,C-07
V-00709,2026-06-15,P-002,Producto sobreabastecido,2,250,170,C-08
V-00710,2026-06-15,P-003,Producto con margen bajo,8,105,100,C-09
V-00711,2026-06-15,P-004,Producto por agotarse,10,160,105,C-10
V-00712,2026-06-16,P-001,Producto rentable,7,180,95,C-11
V-00713,2026-06-16,P-003,Producto con margen bajo,8,105,100,C-12
V-00714,2026-06-16,P-004,Producto por agotarse,11,160,105,C-13
V-00715,2026-06-17,P-001,Producto rentable,7,180,95,C-14
V-00716,2026-06-17,P-003,Producto con margen bajo,7,105,100,C-15
V-00717,2026-06-17,P-004,Producto por agotarse,12,160,105,C-16
V-00718,2026-06-18,P-001,Producto rentable,8,180,95,C-17
V-00719,2026-06-18,P-003,Producto con margen bajo,7,105,100,C-18
V-00720,2026-06-18,P-004,Producto por agotarse,13,160,105,C-01
V-00721,2026-06-19,P-001,Producto rentable,10,180,95,C-02
V-00722,2026-06-19,P-003,Producto con margen bajo,9,105,100,C-03
V-00723,2026-06-19,P-004,Producto por agotarse,15,160,105,C-04
V-00724,2026-06-20,P-001,Producto rentable,12,180,95,C-05
V-00725,2026-06-20,P-003,Producto con margen bajo,5,105,100,C-06
V-00726,2026-06-20,P-004,Producto por agotarse,13,160,105,C-07
V-00727,2026-06-21,P-001,Producto rentable,4,180,95,C-08
V-00728,2026-06-21,P-003,Producto con margen bajo,4,105,100,C-09
V-00729,2026-06-21,P-004,Producto por agotarse,11,160,105,C-10
V-00730,2026-06-22,P-001,Producto rentable,6,180,95,C-11
V-00731,2026-06-22,P-003,Producto con margen bajo,8,105,100,C-12
V-00732,2026-06-22,P-004,Producto por agotarse,10,160,105,C-13
V-00733,2026-06-23,P-001,Producto rentable,7,180,95,C-14
V-00734,2026-06-23,P-003,Producto con margen bajo,8,105,100,C-15
V-00735,2026-06-23,P-004,Producto por agotarse,11,160,105,C-16
V-00736,2026-06-24,P-001,Producto rentable,7,180,95,C-17
V-00737,2026-06-24,P-003,Producto con margen bajo,7,105,100,C-18
V-00738,2026-06-24,P-004,Producto por agotarse,12,160,105,C-01
V-00739,2026-06-25,P-001,Producto rentable,8,180,95,C-02
V-00740,2026-06-25,P-003,Producto con margen bajo,9,105,100,C-03
V-00741,2026-06-25,P-004,Producto por agotarse,13,160,105,C-04
V-00742,2026-06-26,P-001,Producto rentable,10,180,95,C-05
V-00743,2026-06-26,P-003,Producto con margen bajo,9,105,100,C-06
V-00744,2026-06-26,P-004,Producto por agotarse,15,160,105,C-07
V-00745,2026-06-27,P-001,Producto rentable,5,180,95,C-08
V-00746,2026-06-27,P-002,Producto sobreabastecido,1,250,170,C-09
V-00747,2026-06-27,P-003,Producto con margen bajo,5,105,100,C-10
V-00748,2026-06-27,P-004,Producto por agotarse,13,160,105,C-11
V-00749,2026-06-28,P-001,Producto rentable,4,180,95,C-12
V-00750,2026-06-28,P-003,Producto con margen bajo,4,105,100,C-13
V-00751,2026-06-28,P-004,Producto por agotarse,11,160,105,C-14
V-00752,2026-06-29,P-001,Producto rentable,7,180,95,C-15
V-00753,2026-06-29,P-003,Producto con margen bajo,8,105,100,C-16
V-00754,2026-06-29,P-004,Producto por agotarse,11,160,105,C-17
V-00755,2026-06-30,P-001,Producto rentable,8,180,95,C-18
V-00756,2026-06-30,P-003,Producto con margen bajo,8,105,100,C-01
V-00757,2026-06-30,P-004,Producto por agotarse,12,160,105,C-02
V-00758,2026-07-01,P-001,Producto rentable,8,180,95,C-03
V-00759,2026-07-01,P-002,Producto sobreabastecido,2,250,170,C-04
V-00760,2026-07-01,P-003,Producto con margen bajo,7,105,100,C-05
V-00761,2026-07-01,P-004,Producto por agotarse,13,160,105,C-06
V-00762,2026-07-02,P-001,Producto rentable,9,180,95,C-07
V-00763,2026-07-02,P-003,Producto con margen bajo,7,105,100,C-08
V-00764,2026-07-02,P-004,Producto por agotarse,14,160,105,C-09
V-00765,2026-07-03,P-001,Producto rentable,11,180,95,C-10
V-00766,2026-07-03,P-003,Producto con margen bajo,9,105,100,C-11
V-00767,2026-07-03,P-004,Producto por agotarse,16,160,105,C-12
V-00768,2026-07-04,P-001,Producto rentable,6,180,95,C-13
V-00769,2026-07-04,P-003,Producto con margen bajo,5,105,100,C-14
V-00770,2026-07-04,P-004,Producto por agotarse,14,160,105,C-15
V-00771,2026-07-05,P-001,Producto rentable,12,180,95,C-16
V-00772,2026-07-05,P-003,Producto con margen bajo,4,105,100,C-17
V-00773,2026-07-05,P-004,Producto por agotarse,12,160,105,C-18
V-00774,2026-07-06,P-001,Producto rentable,7,180,95,C-01
V-00775,2026-07-06,P-003,Producto con margen bajo,8,105,100,C-02
V-00776,2026-07-06,P-004,Producto por agotarse,11,160,105,C-03
V-00777,2026-07-07,P-001,Producto rentable,8,180,95,C-04
V-00778,2026-07-07,P-003,Producto con margen bajo,8,105,100,C-05
V-00779,2026-07-07,P-004,Producto por agotarse,12,160,105,C-06
V-00780,2026-07-08,P-001,Producto rentable,8,180,95,C-07
V-00781,2026-07-08,P-003,Producto con margen bajo,7,105,100,C-08
V-00782,2026-07-08,P-004,Producto por agotarse,13,160,105,C-09
V-00783,2026-07-09,P-001,Producto rentable,9,180,95,C-10
V-00784,2026-07-09,P-003,Producto con margen bajo,7,105,100,C-11
V-00785,2026-07-09,P-004,Producto por agotarse,14,160,105,C-12
V-00786,2026-07-10,P-001,Producto rentable,11,180,95,C-13
V-00787,2026-07-10,P-002,Producto sobreabastecido,1,250,170,C-14
V-00788,2026-07-10,P-003,Producto con margen bajo,11,105,100,C-15
V-00789,2026-07-10,P-004,Producto por agotarse,16,160,105,C-16
V-00790,2026-07-11,P-001,Producto rentable,6,180,95,C-17
V-00791,2026-07-11,P-003,Producto con margen bajo,5,105,100,C-18
V-00792,2026-07-11,P-004,Producto por agotarse,14,160,105,C-01
V-00793,2026-07-12,P-001,Producto rentable,5,180,95,C-02
V-00794,2026-07-12,P-003,Producto con margen bajo,4,105,100,C-03
V-00795,2026-07-12,P-004,Producto por agotarse,22,160,105,C-04
V-00796,2026-07-13,P-001,Producto rentable,7,180,95,C-05
V-00797,2026-07-13,P-003,Producto con margen bajo,8,105,100,C-06
V-00798,2026-07-13,P-004,Producto por agotarse,21,160,105,C-07
V-00799,2026-07-14,P-001,Producto rentable,8,180,95,C-08
V-00800,2026-07-14,P-003,Producto con margen bajo,8,105,100,C-09
V-00801,2026-07-14,P-004,Producto por agotarse,22,160,105,C-10
V-00802,2026-07-15,P-001,Producto rentable,8,180,95,C-11
V-00803,2026-07-15,P-002,Producto sobreabastecido,2,250,170,C-12
V-00804,2026-07-15,P-003,Producto con margen bajo,7,105,100,C-13
V-00805,2026-07-15,P-004,Producto por agotarse,13,160,105,C-14
V-00806,2026-07-16,P-001,Producto rentable,9,180,95,C-15
V-00807,2026-07-16,P-003,Producto con margen bajo,7,105,100,C-16
V-00808,2026-07-16,P-004,Producto por agotarse,14,160,105,C-17
V-00809,2026-07-17,P-001,Producto rentable,11,180,95,C-18
V-00810,2026-07-17,P-003,Producto con margen bajo,9,105,100,C-01
V-00811,2026-07-17,P-004,Producto por agotarse,16,160,105,C-02
V-00812,2026-07-18,P-001,Producto rentable,6,180,95,C-03
V-00813,2026-07-18,P-003,Producto con margen bajo,5,105,100,C-04
V-00814,2026-07-18,P-004,Producto por agotarse,14,160,105,C-05
V-00815,2026-07-19,P-001,Producto rentable,5,180,95,C-06
V-00816,2026-07-19,P-003,Producto con margen bajo,4,105,100,C-07
V-00817,2026-07-19,P-004,Producto por agotarse,12,160,105,C-08
V-00818,2026-07-20,P-001,Producto rentable,14,180,95,C-09
V-00819,2026-07-20,P-003,Producto con margen bajo,8,105,100,C-10
V-00820,2026-07-20,P-004,Producto por agotarse,11,160,105,C-11
V-00821,2026-07-21,P-001,Producto rentable,8,180,95,C-12
V-00822,2026-07-21,P-003,Producto con margen bajo,8,105,100,C-13
V-00823,2026-07-21,P-004,Producto por agotarse,12,160,105,C-14
V-00824,2026-07-22,P-001,Producto rentable,8,180,95,C-15
V-00825,2026-07-22,P-003,Producto con margen bajo,7,105,100,C-16
V-00826,2026-07-22,P-004,Producto por agotarse,13,160,105,C-17
V-00827,2026-07-23,P-001,Producto rentable,9,180,95,C-18
V-00828,2026-07-23,P-002,Producto sobreabastecido,1,250,170,C-01
V-00829,2026-07-23,P-003,Producto con margen bajo,7,105,100,C-02
V-00830,2026-07-23,P-004,Producto por agotarse,14,160,105,C-03
V-00831,2026-07-24,P-001,Producto rentable,11,180,95,C-04
V-00832,2026-07-24,P-003,Producto con margen bajo,9,105,100,C-05
V-00833,2026-07-24,P-004,Producto por agotarse,16,160,105,C-06
V-00834,2026-07-25,P-001,Producto rentable,6,180,95,C-07
V-00835,2026-07-25,P-003,Producto con margen bajo,7,105,100,C-08
V-00836,2026-07-25,P-004,Producto por agotarse,14,160,105,C-09
V-00837,2026-07-26,P-001,Producto rentable,5,180,95,C-10
V-00838,2026-07-26,P-003,Producto con margen bajo,4,105,100,C-11
V-00839,2026-07-26,P-004,Producto por agotarse,12,160,105,C-12
V-00840,2026-07-27,P-001,Producto rentable,7,180,95,C-13
V-00841,2026-07-27,P-003,Producto con margen bajo,8,105,100,C-14
V-00842,2026-07-27,P-004,Producto por agotarse,11,160,105,C-15
V-00843,2026-07-28,P-001,Producto rentable,8,180,95,C-16
V-00844,2026-07-28,P-003,Producto con margen bajo,8,105,100,C-17
V-00845,2026-07-28,P-004,Producto por agotarse,12,160,105,C-18
V-00846,2026-07-29,P-001,Producto rentable,8,180,95,C-01
V-00847,2026-07-29,P-003,Producto con margen bajo,7,105,100,C-02
V-00848,2026-07-29,P-004,Producto por agotarse,13,160,105,C-03
V-00849,2026-07-30,P-001,Producto rentable,9,180,95,C-04
V-00850,2026-07-30,P-003,Producto con margen bajo,7,105,100,C-05
V-00851,2026-07-30,P-004,Producto por agotarse,14,160,105,C-06
V-00852,2026-07-31,P-001,Producto rentable,11,180,95,C-07
V-00853,2026-07-31,P-003,Producto con margen bajo,9,105,100,C-08
V-00854,2026-07-31,P-004,Producto por agotarse,16,160,105,C-09
